County Tracts,TRACTCE20,Animal,Dockless_vehicle,Graffiti,Historic_Preservation,Health_Sanitation,Information,Park,Property_Maintenance,Streets_Infrastructure,Solid_Waste_Services,Traffic_Signals,Lessthnhighschool18to24,Highschoolgraduate18to24,Somecollegeorassociatedegree18to24,Bachelordegreeorhigher18to24,Lessthan9thgrade,9thto12thgradenodiploma,Highschoolgraduate,Somecollegenodegree,Associatedegree,Bachelordegree,Graduateprofessionaldegree,Highschoolgraduatehigher,Bachelordegreehigher,Totalhousingunits,UnemploymentrateofPopulation16yearsandover,Hispanic,White,Black,AmericanIndianandAlaskaNativealone,Asianalone,NativeHawaiian,other,Under5years,5to9years,10to14years,15to19years,20to24years,25to34years,35to44years,45to54years,55to59years,60to64years,65to74years,75to84years,85yearsandover,Medianage,Owner-occupiedhousingunitswithamortgage,Total,Nobedroom,1bedroom,2bedrooms,3bedrooms,4bedrooms,5ormorebedrooms,Arrest,Distance_To_Police,Offense,TotalCase
1101,110100,409,2006,16,4,161,194,562,973,938,218,832,0,94,195,152,270,60,797,372,99,670,476,"2,414","1,146","3,186",3.6,"2,187","1,105",132,0,15,0,0,65,56,57,108,428,"1,057",353,466,123,190,354,187,14,34.1,"592,700","1,220",857,"1,207","2,142",-,-,-,2058,888.9446866,3188,6313
1103,110300,186,181,0,10,31,21,31,853,159,549,232,16,10,65,59,165,78,395,570,60,365,227,"1,617",592,"1,818",3.9,"2,170",482,40,0,49,0,0,128,192,205,269,134,460,279,273,397,153,161,86,51,35.1,"437,100","1,183",587,"1,128","1,341","1,172",-,-,0,1941.930235,0,2253
1105,110500,416,6,0,0,21,12,145,360,96,324,68,54,135,39,6,143,187,316,253,35,100,72,776,172,"1,096",17.,"1,889",194,159,0,9,0,0,493,268,86,118,188,338,148,152,201,44,162,61,0,24.6,"157,200",389,-,-,355,621,-,-,0,600.1677284,0,1448
1106,110600,580,8,1,0,72,19,43,786,148,486,202,203,290,138,0,776,"1,283","1,437","1,024",343,88,26,"2,918",114,"1,589",16.,"3,879","1,122",779,23,6,0,69,98,144,148,143,555,"1,355","1,087","1,119",376,410,361,162,107,39.0,-,702,642,653,926,942,-,-,0,1045.412783,0,2345
1107,110700,232,7,0,0,40,16,0,592,171,358,171,0,24,27,0,161,76,150,122,76,65,71,484,136,644,3.9,692,108,14,47,5,9,0,0,12,54,62,27,69,260,124,38,52,102,39,37,42.7,"235,000",718,-,-,"1,044",-,-,-,0,1889.512861,0,1587
1110,111000,280,7,0,1,51,15,0,842,128,522,158,5,82,236,106,127,192,349,425,115,173,301,"1,363",474,"1,575",9.0,"1,517",617,158,3,55,0,32,130,52,97,115,385,569,259,246,68,156,242,110,32,32.7,"265,000","1,304","1,353","1,421","1,223",895,-,-,159,3335.763305,479,2004
1111,111100,293,94,0,2,89,25,125,1266,244,573,340,68,166,119,154,92,174,507,606,173,789,756,"2,831","1,545","2,891",8.0,"2,123","1,431",122,0,53,0,42,175,28,92,108,426,"1,314",524,367,102,136,426,129,99,33.7,"405,700","1,461","1,332","1,454","2,218","1,171",-,-,361,2253.946735,1532,3051
1201,120100,19,8,0,0,1,1,0,6,13,11,21,1,921,886,65,15,8,236,603,165,653,361,"2,018","1,014","1,130",4.8,"1,019","3,125",708,20,289,121,21,370,515,516,"1,168",924,946,711,302,51,2,29,0,0,20.9,-,"2,110",-,-,"2,097","2,050","2,201","2,183",9,4147.873654,15,80
1203,120301,0,0,0,0,0,0,0,1,24,0,14,0,49,200,130,8,0,450,311,95,965,613,"2,434","1,578","1,607",1.6,"1,012","2,083",46,29,52,0,15,58,82,367,99,367,468,579,382,317,142,281,175,98,41.2,"598,400","1,243",-,"1,002","1,427","3,500+",-,-,0,4220.465262,0,39
1204,120401,21,0,0,0,1,1,12,12,43,52,31,94,3,33,0,134,14,173,509,77,542,672,"1,973","1,214","1,257",7.3,772,"1,817",62,12,32,0,0,67,78,205,131,93,283,386,281,234,161,297,214,265,50.4,"429,700","1,031",-,-,"1,031","2,307",-,-,0,5016.839092,0,173
1204,120402,1,0,0,0,0,0,0,3,6,3,23,0,48,16,18,17,16,11,108,77,898,745,"1,839","1,643","1,050",0.0,475,"2,441",0,0,141,0,4,181,382,454,163,18,66,414,492,222,176,293,172,37,42.1,"907,600",-,-,-,-,-,-,-,0,4640.083006,0,36
1205,120502,598,0,0,0,18,10,0,1112,171,689,85,127,318,42,14,583,305,"1,009",737,200,312,57,"2,315",369,"2,015",9.6,"3,531",785,855,0,26,0,7,567,319,414,371,370,908,526,561,454,237,302,135,80,30.6,"114,400",889,766,-,"1,050","1,303",763,-,1115,2703.675248,3300,2683
1205,120503,206,0,0,0,26,8,0,393,85,362,47,17,229,109,0,75,210,898,988,87,165,143,"2,281",308,"1,850",4.3,"1,859",796,663,0,321,0,83,428,169,199,241,287,602,456,526,376,143,224,177,62,36.1,"116,800","1,008",-,928,"1,103","1,283","1,922",-,0,2979.278976,0,1127
1205,120504,400,1,0,0,27,14,58,677,145,825,159,224,33,67,49,684,423,"1,574",884,523,384,157,"3,522",541,"2,743",1.3,"3,900","1,832",319,33,46,0,13,517,398,311,99,340,842,"1,090",533,155,736,828,352,93,42.7,"158,100",835,-,778,-,"1,575",-,-,0,4483.872472,0,2306
1206,120601,155,0,0,0,45,7,0,514,100,302,107,14,51,86,41,50,140,497,528,122,450,163,"1,760",613,"1,662",4.9,"1,412",880,85,0,0,47,28,146,135,53,149,121,576,373,390,220,115,203,73,0,36.6,"203,400","1,162",-,974,"1,282","1,619",-,-,0,2992.339058,0,1230
1206,120602,129,0,0,0,8,8,19,406,131,466,108,39,143,178,52,18,24,154,335,273,749,894,"2,405","1,643","2,093",2.5,585,"2,451",187,13,82,35,0,246,180,206,255,325,691,424,539,228,113,330,122,0,32.3,"534,300","1,492","1,121","1,362","1,678","2,240",-,-,482,3430.464521,2323,1275
1207,120701,241,0,0,0,53,10,0,956,153,441,126,118,215,180,88,110,255,787,857,243,863,808,"3,558","1,671","2,857",3.8,"3,157","1,964",76,0,42,15,96,280,291,538,215,543,"1,301",670,608,354,170,479,183,158,33.2,"331,700","1,332","1,332",980,"1,369","1,605",-,-,0,1599.075565,0,1980
1207,120702,98,0,0,0,58,9,0,295,110,315,303,0,24,316,18,23,15,537,670,84,"1,151","1,383","3,825","2,534","3,071",2.6,"1,778","2,894",31,0,218,0,0,70,146,227,295,358,803,535,512,434,311,704,338,226,45.5,-,"1,668",-,"1,592","1,772","1,486",-,-,0,3020.335225,0,1188
1208,120800,182,0,0,0,29,13,34,777,255,1213,148,210,19,93,125,35,13,453,518,230,"1,371","1,775","4,347","3,146","2,999",2.0,"1,212","5,008",210,0,122,0,0,354,608,551,496,273,639,"1,175",747,414,491,511,231,187,38.4,"422,000","1,226",-,973,"1,261",-,-,-,0,1864.019265,0,2651
1209,120901,78,0,0,0,6,3,4,151,30,218,33,26,27,13,29,245,28,499,336,65,328,200,"1,428",528,"1,097",5.8,"1,336",876,120,0,39,0,0,92,196,122,200,69,354,347,266,137,155,144,108,190,37.2,"323,200","1,187",-,895,"1,298","1,943",-,-,0,855.9651724,0,523
1209,120902,328,0,2,0,39,14,34,448,103,453,126,65,154,164,196,212,139,"1,175","1,270",436,822,711,"4,414","1,533","3,766",9.4,"2,324","2,568","1,264",0,235,0,0,370,310,381,129,499,"1,340",927,717,465,265,631,231,189,36.6,"299,400","1,189","1,189","1,024","1,358",-,-,-,0,1260.195956,0,1547
1210,121000,310,1,0,0,40,17,0,800,202,718,164,104,372,186,51,213,163,923,955,486,896,468,"3,728","1,364","2,988",5.3,"3,194","2,669",176,0,128,0,16,442,573,344,513,565,782,958,588,436,467,587,128,158,35.3,"230,500",956,-,860,"1,083","1,609",-,-,658,2034.542003,2896,2252
1211,121110,204,0,0,0,7,16,0,323,139,587,60,23,269,362,8,266,25,580,829,366,946,279,"3,000","1,225","2,030",3.3,"2,368","2,094",216,0,12,0,0,321,151,92,320,572,821,773,566,188,383,329,205,26,35.6,"217,400","1,649",-,"1,396","1,900","1,660",-,-,357,5159.539446,1949,1336
1211,121111,465,1,0,0,26,17,0,1434,230,959,131,118,159,328,33,97,494,947,993,"1,035",999,497,"4,471","1,496","2,694",6.6,"4,135","1,724",530,0,142,0,221,419,537,257,319,399,"1,557",882,912,208,452,651,346,54,35.1,"196,600","1,398",-,-,"1,338","1,525",-,-,0,6082.855875,0,3263
1211,121112,176,0,0,0,15,7,0,496,123,375,55,131,205,264,72,303,138,446,867,273,422,245,"2,253",667,"1,968",2.9,"2,302","1,377",119,8,12,0,0,216,302,168,104,609,814,430,351,145,222,344,141,247,32.8,"217,300","1,343","2,173","1,123","1,332","1,915","1,957",-,0,4256.290767,0,1247
1211,121115,146,0,0,0,13,9,11,216,96,812,93,60,132,83,65,26,237,694,739,383,"1,158",510,"3,484","1,668","2,184",1.7,"2,101","2,612",251,0,89,0,0,215,225,377,274,215,658,665,522,546,247,733,354,22,42.2,"297,400","1,417",-,-,"1,335","2,157",-,-,0,1796.262599,0,1396
1211,121116,251,0,1,0,25,4,44,411,59,597,61,85,245,178,0,18,79,439,"1,025",400,994,426,"3,284","1,420","2,266",8.1,"2,040","2,379",271,0,40,0,0,193,255,363,296,414,880,751,602,254,152,440,240,62,35.7,"285,400","1,271",-,979,"1,326",-,-,-,318,2668.167957,2252,1453
1211,121117,133,0,0,0,12,8,36,505,60,474,69,44,93,156,0,45,90,597,790,370,"1,091",450,"3,298","1,541","2,077",3.5,"1,857","2,218",320,0,120,0,58,263,347,340,313,154,860,577,664,330,152,529,240,81,37.7,"295,700","1,357",-,"1,142","1,362","2,107",-,-,0,3941.067465,0,1297
1211,121118,117,1,1,0,22,11,11,295,65,504,103,17,132,327,54,5,125,761,"1,051",371,"1,207",531,"3,921","1,738","2,442",2.7,"2,314","2,791",259,51,44,0,0,371,404,115,199,442,998,808,645,421,287,607,132,153,36.9,"357,900","1,244",-,"1,160","1,311",-,"2,071",-,0,4174.841688,0,1130
1211,121119,200,0,4,0,25,13,364,430,89,521,64,98,303,308,0,60,52,574,"1,187",501,725,335,"3,322","1,060","2,210",5.8,"2,360","2,385",94,13,228,0,59,183,204,280,758,467,316,656,"1,008",380,352,463,188,71,40.9,"220,100","1,158",-,964,"1,232","1,836",-,-,0,884.4867931,0,1710
1211,121120,185,3,0,0,16,11,0,491,90,773,131,29,153,150,0,64,76,749,997,309,756,301,"3,112","1,057","1,897",7.1,"2,711","1,091",733,0,0,122,0,388,409,203,167,276,593,679,731,166,447,433,87,116,39.1,"224,700","1,372",-,-,"1,182","1,675",-,-,0,2281.339193,0,1700
1211,121121,67,0,0,0,6,4,0,160,64,491,83,18,27,70,8,1,275,429,522,126,723,293,"2,093","1,016","1,068",1.6,820,"1,944",74,0,208,0,0,271,162,197,78,78,571,362,355,219,171,517,166,8,39.8,"276,100",-,-,-,-,-,-,-,0,4057.829077,0,875
1211,121122,138,0,0,0,4,13,0,569,145,685,86,49,86,217,26,23,127,901,"1,136",170,923,430,"3,560","1,353","1,821",5.3,"2,138","2,591",101,7,94,0,7,245,264,402,238,285,696,730,624,351,254,675,305,75,42.5,"274,700","1,672",-,-,-,"2,145",-,-,0,3668.963628,0,1640
1211,121123,124,0,0,0,22,6,0,264,69,514,100,78,212,148,103,116,67,649,534,201,"1,168",519,"3,071","1,687","2,427",5.5,"2,755","1,941",203,4,206,0,0,415,404,372,421,338,635,878,536,264,160,555,193,33,35.3,"302,300","1,325",-,974,"1,380","1,690",-,-,0,1375.208205,0,1099
1211,121124,67,1,0,0,5,8,0,174,43,456,21,0,67,9,136,28,41,278,304,146,434,444,"1,606",878,"1,127",3.8,478,"1,592",92,46,21,0,0,94,82,75,117,195,84,327,286,201,241,331,143,62,49.5,"279,900","1,141",-,-,-,-,-,-,0,904.5052923,0,775
1212,121203,512,0,0,0,67,11,38,737,291,503,172,111,140,167,0,236,243,897,974,207,248,102,"2,428",350,"1,856",9.3,"2,690",982,353,0,98,0,0,199,186,286,255,369,898,452,290,421,259,369,148,70,33.6,"145,000","1,189",925,955,"1,172","1,322",-,-,0,4397.925047,0,2331
1212,121204,350,1,4,0,35,8,254,1202,109,269,124,313,207,345,68,195,293,"1,393","1,428",503,952,618,"4,894","1,570","4,619",1.9,"3,218","2,476","1,270",0,162,0,17,171,146,458,527,597,"1,415","1,059",861,466,345,463,343,430,38.8,"165,800","1,081",867,974,"1,153","1,407",-,-,0,1549.702139,0,2356
1212,121205,353,0,0,0,46,11,6,499,105,311,93,204,176,87,13,76,196,"1,020",791,97,283,186,"2,377",469,"1,707",2.4,"2,665",828,535,0,89,35,0,511,270,186,202,364,"1,032",412,394,130,127,157,357,40,31.6,"154,400","1,143",-,995,"1,190","1,480",-,-,0,3712.772245,0,1424
1212,121206,473,1,0,0,26,11,3,874,201,896,75,56,125,50,96,214,414,"1,478","1,232",568,800,320,"4,398","1,120","2,618",2.0,"4,241","2,558",185,0,360,0,0,515,552,583,436,271,"1,001",706,826,481,628,622,591,171,41.1,"181,700","1,415",-,-,"1,336","1,452","1,599",-,0,5613.897119,0,2560
1213,121300,124,0,0,0,5,5,0,319,22,200,11,64,239,309,39,113,229,855,"1,001",555,"1,330",517,"4,258","1,847","2,504",6.7,"2,425","3,060",435,0,273,0,19,216,452,364,359,467,877,501,747,637,340,735,553,210,44.9,"236,500","1,356",738,888,"1,270",-,-,-,0,5039.484678,0,686
1214,121402,659,1,0,0,3,16,47,1277,227,1102,98,60,409,200,65,"1,010",476,"1,866","1,436",473,924,301,"5,000","1,225","2,785",5.1,"5,103","1,876","1,182",6,389,0,694,426,983,515,432,498,"1,507","1,234","1,364",790,460,959,127,45,38.0,"202,700","1,629",-,-,-,"1,597",-,-,0,6705.293864,0,3430
1214,121403,391,0,0,0,23,15,0,521,120,565,81,96,293,66,18,102,253,"1,154","1,159",229,485,156,"3,183",641,"2,195",6.9,"2,699",887,"1,574",18,219,0,0,546,295,260,521,316,908,983,479,248,288,318,140,174,34.2,"199,000","1,195",956,923,"1,205","1,809",-,-,0,5074.11458,0,1716
1214,121404,483,1,0,0,36,5,0,1017,186,412,77,111,250,158,47,162,603,"1,319",537,255,33,47,"2,191",80,"2,070",2.7,"2,585","1,126","1,038",0,116,0,0,430,687,261,258,483,778,418,586,342,210,336,213,73,31.1,"154,800",760,-,404,617,"1,421","1,477",-,0,5427.674268,0,2217
1215,121501,14,0,0,0,7,3,0,46,36,75,25,24,483,361,14,176,158,"1,689","1,778",476,"1,262",805,"6,010","2,067","3,646",3.1,"3,815","2,916","1,335",132,295,0,27,584,463,536,475,587,"1,265","1,419","1,288",610,543,911,232,76,38.6,"226,400","1,373",-,"1,149","1,273","1,423",-,-,0,7591.814631,0,206
1215,121504,118,0,0,0,3,2,0,271,57,360,61,58,211,133,33,380,342,"1,719","1,202",457,802,648,"4,828","1,450","3,243",5.2,"3,716","1,871","1,908",0,368,0,0,406,829,384,439,367,"1,263","1,048",819,572,758,719,219,152,35.9,"218,600",987,-,835,"1,524","1,519",-,-,0,6454.46524,0,872
1215,121506,1,0,0,0,0,0,0,4,1,1,4,339,194,32,11,182,267,"1,076",946,264,434,271,"2,991",705,"1,828",11.,"2,451","1,658",911,0,0,0,53,241,136,478,450,349,752,759,392,547,120,473,249,148,37.0,"137,500","1,246",-,-,-,"1,237","1,281",-,0,8284.470401,0,11
1215,121506,0,0,0,0,0,0,0,0,0,0,0,208,85,94,36,70,429,963,569,235,267,126,"2,160",393,"1,541",3.3,"3,283",720,623,0,7,0,0,590,470,471,208,341,714,457,679,102,265,186,219,37,29.9,"171,500","1,207",-,-,"1,026","1,342",-,-,0,6158.455521,0,0
1218,121802,401,7,0,0,11,18,14,759,235,1206,100,112,947,249,137,365,253,"1,375","1,815",629,"1,089",425,"5,333","1,514","3,303",5.2,"4,967","3,197","1,302",0,285,0,0,957,744,719,892,900,"1,633","1,156","1,707",452,325,479,145,54,30.6,"226,500","1,724",-,-,"1,675","1,685","1,970",-,0,9666.160487,0,2751
1218,121803,346,0,0,0,18,5,6,429,113,543,32,36,162,373,10,119,144,696,918,505,407,178,"2,704",585,"1,724",4.8,"2,402","1,687",421,8,95,0,0,160,261,463,351,478,554,829,469,107,276,434,289,9,35.8,"183,500","1,580",-,-,737,"1,719",-,-,521,7601.073934,2095,1492
1218,121804,318,2,0,0,43,25,0,527,136,699,53,95,256,75,148,106,139,"1,598","1,187",591,387,174,"3,937",561,"2,619",5.2,"3,526","1,941",538,0,126,81,25,371,330,585,515,458,"1,350",946,650,253,239,379,236,129,33.2,"175,900","1,335",-,974,"1,373","1,577",-,-,0,7821.709957,0,1803
1218,121808,110,1,0,0,3,1,0,140,36,289,46,28,19,0,5,34,66,540,543,211,355,235,"1,884",590,"1,076",2.8,902,"1,487",46,0,46,0,0,316,85,63,100,52,456,382,215,210,229,337,114,41,39.7,"213,800","1,624",-,-,983,"1,694",-,-,0,7328.631884,0,626
1218,121809,191,1,0,0,8,11,0,479,102,513,151,16,160,77,71,187,153,916,845,274,836,269,"3,140","1,105","1,835",4.9,"2,532","1,840",184,0,207,23,0,301,253,335,264,244,664,684,646,201,327,568,315,75,40.6,"212,500","1,244",-,-,-,"1,241",-,-,0,7815.4419,0,1456
1218,121810,156,1,7,0,3,8,45,206,71,358,165,39,124,161,33,31,63,561,771,454,694,239,"2,719",933,"1,470",3.2,"2,215","1,829",198,0,30,0,85,331,210,485,438,224,620,753,518,282,212,229,150,49,34.0,"260,300","1,663",-,-,-,"1,650",-,-,0,6413.034016,0,1020
1218,121811,143,0,0,0,5,5,0,203,43,397,80,0,305,216,39,103,146,655,499,319,"1,389",704,"3,566","2,093","2,370",7.7,"2,551","2,181",408,0,290,0,0,333,658,268,395,348,873,"1,153",798,177,332,352,115,15,35.4,"278,100","1,397",-,"1,271","1,360","1,711",-,-,0,7570.953677,0,876
1218,121812,269,2,4,0,11,9,52,326,108,682,48,0,107,240,417,102,135,541,760,464,983,620,"3,368","1,603","2,208",14.,"2,218","2,885",354,0,131,0,23,609,367,295,288,641,673,726,711,282,281,620,258,54,36.1,"241,800","1,438",-,-,"1,204","1,771",-,-,0,9589.219512,0,1511
1218,121813,62,0,0,0,1,0,0,267,16,197,13,2,49,89,14,0,56,219,293,140,181,170,"1,003",351,617,8.4,683,582,86,0,0,0,0,64,108,88,124,98,187,180,253,84,65,179,58,53,39.8,"207,900","1,722",-,-,-,"1,583","1,902",-,0,9464.080319,0,556
1219,121903,135,1,0,0,5,6,0,344,33,452,97,21,43,301,52,0,10,716,903,377,"1,316",912,"4,224","2,228","2,630",5.3,"1,439","2,994",686,0,289,0,19,94,236,443,202,337,881,754,777,496,307,580,348,91,42.7,"354,500","1,370","1,305","1,310","1,558","1,519",-,-,99,7301.936765,910,1073
1219,121904,49,0,0,0,1,4,0,63,17,262,19,51,12,126,34,20,37,204,403,122,826,404,"1,959","1,230","1,117",4.0,"1,125","1,368",53,0,501,0,91,140,311,391,239,121,320,534,418,232,145,207,142,18,36.7,"359,600","2,088",-,-,"1,889",-,"2,563",-,0,8676.724549,0,415
1219,121905,60,0,0,0,14,4,0,146,37,339,130,143,191,216,95,66,59,729,890,347,"1,214","1,238","4,418","2,452","2,964",2.4,"2,413","3,026",356,0,555,0,67,171,379,556,424,482,837,888,"1,273",548,388,372,213,24,38.6,"516,200","1,452",-,"1,259","1,781",-,"2,516",-,0,9804.520873,0,730
1219,121906,197,0,1,0,17,5,13,165,64,680,76,70,155,169,22,68,412,323,"1,116",564,"1,557",942,"4,502","2,499","2,955",3.9,"2,852","2,898",120,0,170,0,460,309,644,480,330,276,"1,303","1,118",775,375,357,902,152,0,37.0,"341,700","1,372",-,"1,169","1,520","1,425",-,-,0,6151.446605,0,1218
1219,121908,3,0,0,0,2,0,0,2,2,7,1,82,35,69,0,91,0,310,375,199,838,535,"2,257","1,373","1,176",3.3,"1,229","2,171",21,0,5,0,14,200,224,332,293,87,328,490,652,155,208,285,121,109,42.5,"359,400","2,283",-,-,-,-,-,-,0,15848.60799,0,17
1219,121909,66,0,0,0,4,1,0,26,85,160,65,25,179,465,81,158,226,"1,012","1,711",502,"1,517",881,"5,623","2,398","3,527",4.8,"3,240","2,312","2,269",64,527,0,0,921,526,509,388,594,"2,045","1,330","1,047",535,322,468,219,41,31.7,"253,000","1,636",-,"1,278","1,631","1,878",-,-,0,12372.25924,0,407
1219,121910,82,1,0,0,4,9,0,138,30,514,73,52,33,220,122,83,31,482,"1,553",625,"1,464",948,"5,072","2,412","3,076",3.9,"2,794","4,271",341,0,503,0,111,443,766,908,562,223,690,"1,783","1,110",303,213,652,296,139,37.4,"341,000","1,721",-,"1,262","1,672","2,629",-,-,0,9184.442255,0,851
1219,121911,36,0,0,0,5,0,0,22,10,26,18,42,160,195,16,72,0,523,"1,275",437,"1,714","1,333","5,282","3,047","2,817",1.5,"3,625","3,737",325,0,76,0,0,587,598,"1,025",908,218,976,"1,657","1,526",263,375,467,90,0,35.4,"391,500","1,614",-,-,"1,672",-,-,-,0,12117.57819,0,117
1219,121912,0,0,0,0,0,0,0,0,1,3,0,259,211,97,90,249,208,"1,433","1,815",724,"2,250","1,339","7,561","3,589","4,324",8.5,"4,496","3,783","1,301",68,"1,025",0,157,900,282,825,912,456,"2,319","2,166","1,568",929,258,577,141,60,35.0,"339,200","1,709",-,"1,294","1,411","1,817","2,699",-,0,12867.71483,0,4
1302,130200,347,1,0,0,7,14,128,913,72,540,67,0,63,24,0,290,115,260,186,35,66,43,590,109,648,5.1,"1,436",52,126,0,16,0,0,233,155,114,74,59,392,187,133,71,79,80,37,16,28.6,"203,100","1,031","1,085","1,219",957,-,-,-,0,3113.864037,0,2089
1303,130300,490,8,0,2,8,12,48,1526,126,681,48,78,64,78,0,538,118,494,242,84,111,68,999,179,"1,106",4.8,"2,177",128,264,0,21,0,33,196,205,187,293,110,308,447,132,132,102,351,154,29,35.4,-,"1,130",-,973,-,"1,327",-,-,0,3024.01539,0,2949
1304,130401,779,2,1,0,11,13,38,898,85,870,61,139,110,182,11,433,389,591,416,141,234,85,"1,467",319,"1,470",14.,"3,151",205,267,0,3,15,0,215,212,304,206,424,460,545,455,365,111,153,179,21,35.0,"114,200","1,074",-,580,"1,052","1,190",-,-,0,3124.7309,0,2758
1304,130402,769,1,0,2,21,15,11,948,110,747,55,147,128,182,0,318,233,944,480,96,38,46,"1,604",84,"1,399",16.,"2,964",336,505,0,0,0,0,484,317,284,328,269,509,392,527,175,228,205,89,30,28.6,"110,900",845,-,553,809,"1,025",-,-,0,2513.138475,0,2679
1305,130500,674,2,3,1,22,39,167,1134,115,793,55,165,123,146,58,407,184,924,447,152,119,31,"1,673",150,"1,848",9.6,"2,912",98,659,11,0,0,0,193,162,270,571,257,314,594,631,264,109,175,140,37,37.9,"120,100",904,-,289,"1,113",797,-,-,268,2525.347833,542,3005
1306,130600,732,2,1,0,19,12,48,935,78,883,60,78,89,64,0,224,466,903,767,101,159,112,"2,042",271,"1,832",15.,"2,413",499,733,0,0,0,0,126,232,230,175,150,631,575,533,288,318,275,105,7,39.0,"97,800","1,029",-,-,904,"1,318","1,111",-,0,2526.833795,0,2770
1307,130700,358,0,0,0,11,12,58,467,63,401,36,12,89,36,0,155,251,687,257,206,130,53,"1,333",183,"1,344",6.8,"1,602",176,634,0,0,0,0,235,166,170,136,69,512,287,234,152,156,296,97,5,34.5,"96,700",890,-,838,990,"1,464",-,-,0,2871.759553,0,1406
1308,130800,756,1,0,1,26,28,353,1173,163,675,77,77,244,261,0,243,403,692,690,250,328,152,"2,112",480,"2,038",13.,"2,325",291,"2,456",148,0,0,0,504,453,682,355,474,785,641,364,269,198,196,144,161,30.0,"90,000",986,914,806,"1,001","1,141",-,-,0,1164.676461,0,3253
1309,130900,567,0,0,0,24,17,18,1210,184,561,110,159,303,110,0,224,415,"1,133",802,271,293,17,"2,516",310,"1,980",5.8,"3,331",621,"1,434",0,85,0,26,754,442,535,418,455,"1,045",796,599,87,145,324,113,46,29.1,"131,700","1,130",-,742,"1,039","1,207","1,647",-,450,2326.006092,1329,2691
1310,131000,899,0,0,0,13,26,103,1279,165,960,131,63,356,129,9,504,562,"1,589",430,167,144,103,"2,433",247,"2,201",11.,"2,735",597,"2,134",2,0,0,0,313,308,624,601,233,414,885,606,350,523,411,237,73,39.4,"119,500","1,102",-,-,"1,110","1,104","1,692",-,726,2104.327724,2148,3576
1311,131100,502,0,0,0,1,15,39,672,71,572,27,104,63,9,0,221,207,"1,063",223,52,71,46,"1,455",117,"1,053",6.8,"1,666",136,872,0,33,0,0,99,223,116,324,63,375,435,238,225,176,335,77,22,36.0,"93,200","1,140",-,"1,125",-,"1,200",-,-,0,2128.104692,0,1899
1312,131200,516,0,0,0,23,12,0,640,126,519,107,42,32,39,8,202,351,797,351,146,75,57,"1,426",132,"1,374",7.4,"1,779",477,438,20,49,0,0,100,173,217,234,60,377,412,325,216,182,304,140,23,39.7,"234,600",710,-,585,586,"1,272",-,-,0,3327.536279,0,1943
1313,131300,687,0,0,0,47,23,14,1406,106,1168,95,24,123,241,0,122,255,"1,691","1,138",195,510,43,"3,577",553,"2,305",4.6,"3,512",744,998,0,0,0,0,361,206,323,230,299,977,252,691,409,350,837,374,64,45.3,"165,100","1,185",-,-,"1,188","1,571",-,-,0,4570.174938,0,3546
1314,131401,1246,2,0,0,13,28,0,1526,151,1771,115,643,367,264,19,490,497,"2,321","1,895",703,"1,028",383,"6,330","1,411","3,945",6.9,"7,912","2,442","1,411",0,216,0,0,"1,359",639,871,"1,103",734,"2,380","1,643","1,119",880,364,565,197,169,30.9,"193,500","1,547",-,-,"1,186","1,559","1,649",-,434,7197.636753,1578,4852
1314,131402,352,0,0,0,42,7,30,587,93,549,91,20,114,53,7,124,118,639,516,211,180,94,"1,640",274,995,4.3,"1,821",345,702,0,10,6,0,142,325,238,197,130,463,271,476,159,95,260,139,19,34.4,"154,400","1,265",-,-,879,"1,386",-,-,0,5353.968729,0,1751
1315,131503,3,0,0,0,0,0,0,1,4,1,1,26,142,136,6,53,301,608,674,243,291,142,"1,958",433,"1,334",2.7,"1,742","1,050",309,0,57,0,0,122,208,336,204,225,400,362,414,192,143,524,244,33,40.7,"186,400",962,-,712,-,"1,142","1,219",-,0,5115.702754,0,10
1315,131504,23,0,0,0,1,0,0,40,167,10,10,88,161,122,11,440,450,754,662,163,220,8,"1,807",228,"1,370",10.,"2,875",830,394,12,25,0,0,419,212,308,264,278,366,781,327,163,260,514,256,30,38.1,"134,100","1,202",-,-,"1,149","1,213",-,-,0,4213.008174,0,251
1315,131505,247,0,0,0,6,6,0,159,93,454,7,93,312,78,264,287,207,"1,044",648,379,744,404,"3,219","1,148","1,729",3.5,"2,592",434,"2,404",0,13,0,45,431,430,153,330,624,"1,283",796,824,299,223,215,60,13,31.8,"207,500","1,359",-,986,"1,158","1,598","1,365",-,0,7924.324484,0,972
1315,131506,252,0,0,0,9,6,0,237,107,485,56,83,195,175,2,388,270,864,955,308,498,190,"2,815",688,"1,979",2.0,"3,419",786,"1,075",0,84,111,14,568,466,471,486,189,"1,249",873,395,355,294,184,104,19,30.9,"188,300","1,419",-,-,-,"1,673","1,574",-,0,5346.676714,0,1152
1315,131507,488,1,0,0,1,14,24,546,249,623,13,99,297,235,27,315,579,877,"1,030",279,253,101,"2,540",354,"1,923",7.6,"3,581",918,970,0,27,0,174,332,461,712,348,466,"1,075",560,743,394,168,396,98,0,31.8,"149,600","1,316",-,-,687,"1,460",740,-,0,7150.371091,0,1959
1316,131601,40,0,0,0,0,0,0,32,8,160,17,81,264,195,76,55,109,926,"1,240",643,"1,331",941,"5,081","2,272","3,018",9.7,"2,807","2,918","1,553",0,130,0,78,629,570,848,578,343,853,"1,282","1,332",620,429,412,257,60,37.1,"427,400","2,008",-,-,-,"1,875","2,300",-,0,14853.27565,0,257
1316,131606,80,0,0,0,0,1,0,56,40,39,5,234,291,377,24,317,350,950,816,871,941,714,"4,292","1,655","2,737",5.1,"5,138","1,634","1,862",0,356,0,0,835,"1,007",922,773,730,"1,040","1,506","1,209",358,302,366,171,7,29.4,"266,800","1,878",-,-,-,"1,798","2,088",-,0,13279.05001,0,221
1316,131609,0,0,0,0,0,0,0,1,0,1,2,51,227,301,8,68,169,"1,203","1,644",484,946,577,"4,854","1,523","3,305",4.9,"3,142","2,639","1,349",0,81,0,0,431,828,647,620,246,"1,450",925,888,610,463,633,122,0,34.5,"207,700","1,575",-,934,-,"1,698","1,618",-,0,8877.007869,0,4
1316,131612,3,0,0,0,0,0,0,0,0,3,0,75,52,57,6,57,61,357,239,224,275,138,"1,233",413,744,6.9,966,554,543,0,48,3,0,206,178,215,101,174,354,373,321,136,32,126,9,0,31.9,"214,200","1,742",-,-,-,"1,838",-,-,0,10732.90307,0,6
1316,131614,0,0,0,0,0,0,0,0,0,0,0,46,641,410,72,447,411,"2,146","2,292",986,"1,186",833,"7,443","2,019","4,639",4.2,"6,586","2,924","3,283",0,20,0,40,"1,182","1,089",838,683,899,"2,121","2,025","1,628",865,690,622,324,26,34.2,"212,900","1,589",-,974,"1,256","1,766","2,175",-,0,8975.123331,0,0
1316,131615,195,0,0,0,11,8,0,73,133,284,40,44,245,232,28,237,645,"1,120","1,151",538,894,304,"4,007","1,198","2,524",5.6,"3,627","1,665","1,290",5,339,7,0,459,595,348,389,458,"1,265",779,"1,095",299,337,686,395,33,36.0,"196,000","1,876",-,-,-,"1,790",-,-,0,8745.030273,0,744
1318,131802,252,0,0,0,3,5,0,312,95,969,53,24,159,120,206,457,220,"1,568",868,363,"1,259",372,"4,430","1,631","2,897",2.8,"3,463","3,568",415,4,71,0,40,343,861,509,497,417,"1,193",884,727,478,569,857,311,88,35.3,"323,300","1,125",-,-,756,"1,190",-,-,0,10855.10243,0,1689
1401,140100,207,16,0,3,11,5,0,402,101,391,116,16,82,20,8,77,131,461,163,46,151,40,861,191,594,8.3,"1,069",219,12,0,10,0,39,63,0,75,71,74,335,142,154,183,92,89,54,20,38.9,"320,000","1,018",-,726,"1,042",-,-,-,0,2621.786044,0,1252
1402,140200,417,11,0,0,52,7,0,787,147,642,81,26,52,8,15,217,244,444,337,76,169,82,"1,108",251,"1,108",3.0,"1,868",246,62,21,0,0,0,148,127,245,76,75,399,304,296,185,192,103,33,57,36.3,"232,100",918,-,463,"1,113",895,-,-,0,2600.075873,0,2144
1403,140300,657,0,1,1,24,24,26,1009,145,699,52,38,147,262,0,375,336,591,349,123,104,75,"1,242",179,"1,200",1.8,"2,998",64,76,0,0,0,0,243,190,175,301,293,350,542,306,213,140,264,111,27,35.6,"130,200",900,-,878,"1,161","1,016",-,-,0,2239.788758,0,2638
1404,140400,540,1,0,0,7,21,0,1410,146,873,79,77,132,128,11,215,149,867,648,122,156,47,"1,840",203,"1,431",4.8,"2,725",331,44,0,0,0,0,224,176,172,122,253,571,696,362,58,115,274,98,30,35.5,"146,300","1,075",-,-,"1,068","1,211",-,-,1227,1898.724516,2748,3077
1405,140500,423,0,9,0,14,32,65,1288,162,1048,67,61,103,92,8,162,359,749,603,236,223,80,"1,891",303,"1,553",3.8,"3,153",422,30,0,11,13,0,427,268,223,143,199,577,496,394,138,191,333,270,13,35.0,"134,400","1,148",-,850,"1,099","1,320",-,-,0,1864.282259,0,3108
1406,140600,419,0,0,0,3,6,0,457,48,468,20,76,78,97,0,317,217,722,289,102,66,38,"1,217",104,963,4.5,"2,422",223,44,18,0,0,0,285,245,116,137,173,589,182,310,203,141,131,101,94,31.3,"190,400","1,133",-,-,"1,113","1,219",-,-,0,2183.072511,0,1421
1407,140700,822,0,0,0,9,29,0,1060,131,1089,74,14,245,205,0,270,371,"1,160",959,136,244,88,"2,587",332,"2,057",11.,"3,458",768,186,5,66,0,0,330,157,276,225,449,589,525,578,267,416,636,190,27,39.5,"202,900",734,712,529,"1,061","1,361",-,-,0,780.6116774,0,3214
1408,140800,813,0,0,1,21,23,0,1164,262,987,109,37,163,295,45,617,680,"1,079",481,172,143,186,"2,061",329,"1,866",5.8,"4,876",218,77,0,25,0,0,282,607,270,234,445,778,858,396,335,551,270,137,33,34.7,"102,400",958,-,-,968,979,-,-,0,876.5560313,0,3380
1409,140900,405,0,0,0,24,13,0,657,80,408,15,32,7,33,0,165,218,520,236,71,20,20,867,40,821,5.1,"1,330",291,55,0,21,0,0,62,196,114,3,72,278,199,178,60,174,263,94,4,38.7,"116,200","1,119",-,-,"1,090","1,368",-,-,0,617.7345988,0,1602
1410,141000,549,0,0,0,24,14,11,547,96,545,89,66,195,74,0,343,494,684,546,96,63,52,"1,441",115,"1,503",7.1,"2,898",247,269,0,0,0,0,192,224,266,203,259,586,522,434,206,175,178,109,68,34.0,"103,000",868,-,846,953,"1,146","1,188",-,0,1116.473267,0,1875
1411,141101,445,0,0,0,46,7,0,403,69,258,115,54,125,89,0,144,340,"1,295",617,392,85,55,"2,444",140,"1,748",1.2,"2,609",821,362,0,0,0,2,219,191,149,111,196,405,413,323,618,386,387,271,125,51.7,"127,800",918,-,894,893,"1,394",-,-,0,1881.881925,0,1343
1411,141102,490,0,1,0,34,6,61,640,66,498,96,107,84,98,0,90,139,"1,481",580,38,79,53,"2,231",132,"1,722",9.3,"3,529",324,119,0,0,0,0,434,208,358,281,231,743,430,470,167,234,179,116,121,33.0,"125,800",860,803,826,"1,002","1,168",-,-,0,2251.235644,0,1892
1412,141200,1216,0,4,0,15,39,385,1521,151,1047,79,22,168,247,0,555,686,"1,665","1,182",99,201,98,"3,245",299,"2,598",3.5,"6,471",383,92,0,0,0,0,404,729,613,551,190,"1,063",827,769,505,432,602,262,26,34.7,"132,800",954,-,847,871,"1,344",-,-,0,2099.664408,0,4457
1413,141300,796,0,1,0,14,17,0,810,158,1041,118,143,277,122,0,348,965,"1,719",769,218,555,131,"3,392",686,"2,961",4.2,"4,183","1,035","1,231",0,0,0,10,106,155,725,332,471,623,909,946,522,447,823,267,168,43.5,"182,900",981,-,838,"1,068","1,376",-,-,0,4551.202032,0,2955
1414,141402,427,0,0,0,12,14,0,355,158,959,111,0,115,192,7,158,148,"1,042",925,325,635,216,"3,143",851,"1,960",6.6,"3,787","1,120",137,0,365,0,0,495,504,513,357,181,786,972,836,346,167,260,72,10,33.7,"223,400","1,704",-,-,-,"1,775",-,-,1374,2714.132515,4432,2036
1414,141403,384,0,4,0,27,8,133,408,97,552,41,78,244,192,102,273,264,"1,158",827,214,209,139,"2,547",348,"2,039",6.3,"3,377",882,100,4,100,0,0,233,202,250,168,529,911,422,442,268,462,234,245,100,33.7,"138,600","1,178","1,117","1,138","1,212","1,236",-,-,0,2416.927684,0,1654
1414,141404,549,0,0,0,17,9,0,514,106,752,39,33,153,212,0,154,420,"1,148",822,278,142,22,"2,412",164,"1,788",1.7,"3,466",638,392,0,0,0,0,244,264,332,352,318,497,496,641,452,337,312,96,155,41.4,"147,900",953,-,822,966,"1,309",-,-,0,3258.037991,0,1986
1416,141600,416,1,0,0,2,9,13,443,129,560,25,92,175,268,0,164,340,"1,174",847,288,232,88,"2,629",320,"1,460",5.4,"4,752",165,52,0,28,0,0,252,348,413,464,387,771,815,621,317,179,367,47,16,32.0,"170,700","1,157",-,-,-,-,-,-,0,1410.782168,0,1598
1417,141700,505,1,0,0,11,20,0,823,233,998,141,84,159,202,0,181,250,"1,258","1,042",626,501,229,"3,656",730,"2,112",3.7,"4,190","1,569",958,131,0,0,0,446,970,594,571,187,"1,126","1,014",924,270,215,386,97,55,30.7,"218,200","1,205",-,-,"1,130","1,233",-,-,0,4018.627898,0,2732
1418,141800,41,0,0,0,2,1,1,36,33,159,8,28,161,59,12,515,397,"1,270",659,215,187,77,"2,408",264,"1,693",10.,"3,417","1,306",16,0,18,0,0,308,291,394,267,208,837,418,477,412,430,341,249,156,38.1,"177,800","1,280",-,-,"1,076","1,326",-,-,0,9991.480893,0,281
1419,141900,0,0,0,0,0,0,0,6,17,2,2,6,100,420,0,338,332,"1,372",628,310,405,137,"2,852",542,"2,104",3.1,"2,852","2,696",248,0,0,41,9,457,519,387,562,428,222,"1,139",612,426,318,440,290,75,38.5,"259,000",980,-,-,-,"1,328",-,-,0,9971.679086,0,27
1501,150100,725,20,0,1,57,34,0,1277,193,1039,149,65,183,135,44,385,387,858,772,173,495,485,"2,783",980,"2,612",6.6,"4,159",863,44,0,0,0,52,360,378,279,261,308,"1,258",669,484,394,239,281,91,139,33.5,"253,400","1,435","1,325","1,429","1,628",796,"1,389",-,492,1931.565425,1380,3495
1503,150300,973,2,3,1,31,22,169,844,124,1005,96,27,119,171,10,433,347,722,562,141,101,83,"1,609",184,"1,477",6.1,"2,918",329,63,0,17,0,43,110,215,269,242,184,664,264,468,156,215,212,314,96,35.7,-,"1,063",-,"1,040","1,009","1,217",-,-,0,2561.091537,0,3270
1504,150400,553,0,0,0,9,15,0,646,130,711,29,29,165,132,0,364,581,"1,042",413,222,173,53,"1,903",226,"1,702",3.2,"3,926",193,93,0,0,0,0,234,328,398,205,199,518,558,510,455,228,359,117,103,37.3,"119,600",947,-,644,964,"1,069",-,-,0,1425.390653,0,2093
1505,150501,739,0,0,0,16,11,0,787,77,800,36,33,53,109,25,290,413,"1,151",230,232,231,64,"1,908",295,"1,448",6.5,"3,924",52,66,0,0,0,0,363,312,305,306,145,731,503,456,182,231,245,134,129,32.4,"81,800","1,046",-,-,866,"1,124",-,-,0,2152.271108,0,2466
1505,150502,578,1,3,0,3,14,100,536,70,672,42,69,99,158,20,512,329,777,334,197,59,8,"1,375",67,"1,240",1.6,"3,207",50,21,0,0,9,0,219,225,180,209,263,417,353,391,155,301,432,147,20,41.2,"78,400","1,059",-,-,"1,061","1,370",-,-,0,1476.165414,0,2019
1506,150600,730,2,0,0,41,8,76,583,99,915,54,133,300,96,19,471,391,950,642,35,129,19,"1,775",148,"1,562",4.0,"3,822",535,0,0,31,0,0,243,307,467,407,327,399,500,711,118,273,369,188,79,35.2,"107,400","1,000",-,"1,025","1,033",682,-,-,0,2848.371188,0,2508
1507,150700,1039,0,0,0,13,13,9,1176,102,1088,60,109,266,129,45,417,647,"1,367",443,255,232,22,"2,319",254,"2,297",5.0,"5,346",101,12,0,0,0,0,290,395,290,699,402,733,644,718,271,311,410,261,35,33.1,"99,800",863,-,835,842,"1,400",-,-,0,3468.117623,0,3500
1508,150800,553,0,1,0,29,6,27,649,83,279,71,76,156,121,8,291,278,358,209,62,64,77,770,141,"1,106",7.3,"2,580",243,23,12,0,0,0,393,311,288,287,250,336,208,203,115,115,233,91,38,22.9,-,543,-,523,471,"1,071",-,-,0,2208.000139,0,1698
1509,150900,961,3,0,0,54,23,0,1118,127,1081,92,142,342,52,41,822,827,"1,675","1,034",403,186,26,"3,324",212,"2,543",5.7,"5,607","1,228",0,0,0,0,93,195,472,517,345,470,786,697,"1,171",478,283,"1,052",465,41,45.0,"120,300",857,585,537,"1,271","1,250",-,-,0,2740.662814,0,3459
1510,151000,552,1,0,0,53,9,0,502,88,630,54,117,152,115,0,445,186,629,516,193,100,0,"1,438",100,"1,256",4.3,"3,172",192,27,0,0,0,0,252,366,195,283,226,472,433,233,270,147,323,144,47,29.9,"119,400","1,120",-,-,869,"1,075",-,-,0,2440.819032,0,1889
1511,151100,1166,0,0,0,46,32,26,997,329,1311,194,62,183,200,23,"1,126",432,"1,432",908,282,240,191,"3,053",431,"2,261",3.0,"6,100",324,227,0,0,0,0,268,404,538,440,390,410,955,"1,367",450,491,382,442,114,43.7,"114,300","1,263",-,-,"1,094","1,347",-,-,0,457.0123829,0,4101
1512,151200,890,0,0,0,46,23,1,706,252,1288,238,55,633,444,194,656,830,"2,223","1,663",357,855,234,"5,332","1,089","3,880",7.3,"10,509",497,71,0,150,0,0,763,"1,133",758,791,"1,019","1,809","1,473","1,096",705,498,773,366,98,31.3,"137,500","1,094",-,948,"1,090","1,281","1,398",-,830,2695.793274,2542,3444
1513,151301,900,1,0,0,74,24,0,622,169,930,141,125,379,208,30,679,473,"1,217",641,101,98,20,"2,077",118,"1,960",2.8,"4,830",399,2,0,68,0,0,429,309,339,428,565,827,586,504,335,150,454,234,139,33.0,"94,400",995,-,889,"1,113","1,038",961,-,0,1848.306728,0,2861
1513,151302,555,0,0,0,4,7,107,340,162,672,34,51,85,140,10,308,290,632,399,139,152,18,"1,340",170,"1,146",4.7,"2,901",308,0,0,0,0,0,251,290,296,247,194,359,510,293,152,119,259,132,114,33.8,"250,200",972,-,-,940,"1,008","1,354",-,0,2873.834391,0,1881
1514,151400,729,0,0,0,16,21,1,569,157,773,73,151,333,148,21,420,532,"1,241",574,119,206,42,"2,182",248,"1,531",13.,"4,174",353,25,0,0,0,0,210,271,246,242,464,735,488,622,393,252,283,281,80,36.4,"125,500",977,-,810,885,"1,439",-,-,0,2795.962662,0,2339
1515,151500,395,0,0,0,46,14,88,575,87,497,132,28,114,41,8,101,332,482,386,75,53,54,"1,050",107,930,5.8,"1,830",408,0,0,22,0,0,97,161,209,217,116,208,246,385,146,84,265,98,51,40.3,"126,700",865,-,638,"1,125","1,051",-,-,1131,1773.741956,2268,1834
1516,151600,870,0,1,0,18,12,20,1243,233,1076,50,185,164,244,17,750,579,"2,074","1,267",313,234,82,"3,970",316,"2,810",3.7,"6,922",801,2,0,30,0,88,364,500,708,615,442,"1,067","1,074",758,483,412,912,437,156,37.1,"131,800","1,015",-,869,"1,080","1,741","1,913",-,0,1278.649256,0,3523
1517,151700,1115,1,2,0,13,17,94,1185,197,1311,108,32,249,464,142,522,724,"1,488",638,360,415,17,"2,918",432,"2,445",7.2,"6,561",581,0,0,0,0,0,507,446,564,780,745,667,989,953,444,253,504,303,51,32.6,"163,700",993,-,874,"1,438","1,320",-,-,937,1062.229972,2622,4043
1519,151900,944,0,1,0,7,18,98,1055,137,1709,106,256,411,488,26,192,342,"1,886",991,350,711,580,"4,518","1,291","2,994",7.6,"7,461",957,90,0,205,0,0,691,691,652,948,679,"1,236",745,"1,570",703,256,403,115,24,30.6,"223,500","1,122",-,"1,051","1,222","1,711",-,-,0,3173.025649,0,4075
1520,152000,535,0,0,0,8,18,0,249,138,1069,107,92,255,90,0,213,363,359,445,151,93,91,"1,139",184,989,6.7,"2,521",359,73,0,48,0,0,352,150,177,300,338,463,537,311,210,24,84,45,41,29.1,"208,700","1,250",-,824,971,"1,508","1,984",-,0,5526.459396,0,2124
1521,152100,118,0,2,0,0,0,71,33,86,140,17,57,248,306,0,501,496,"1,595",749,385,278,237,"3,244",515,"2,032",8.5,"5,195","1,012",278,30,34,0,0,241,396,571,737,363,910,538,814,737,424,552,79,187,35.9,"121,700",915,-,-,-,-,-,-,0,9259.088883,0,467
1522,152201,38,0,0,0,4,1,0,10,8,43,7,78,204,223,67,595,"1,062","1,996","1,029",474,421,69,"3,989",490,"3,373",4.6,"7,200",900,71,0,48,0,0,588,324,812,445,464,"1,097",986,883,673,"1,321",457,229,0,38.0,"136,900","1,222",-,-,-,"1,165",-,-,0,13222.28223,0,111
1522,152202,12,0,0,0,0,0,0,4,16,11,1,175,224,286,38,244,611,"1,290","1,128",610,263,85,"3,376",348,"2,385",8.9,"4,921","1,197",52,0,52,0,0,598,370,331,413,516,750,720,"1,056",437,385,679,204,0,40.1,"99,800","1,084",-,-,-,"1,117",-,-,0,14665.35431,0,44
1601,160100,1094,0,5,0,18,9,232,1242,137,1105,79,370,82,158,1,723,935,"1,436",786,74,0,87,"2,383",87,"2,525",6.9,"6,931",18,0,0,0,0,0,731,711,628,432,406,843,"1,105",618,314,363,515,222,61,29.8,-,935,-,-,"1,022",799,-,-,0,1131.851278,0,3921
1602,160200,471,1,2,0,6,17,59,384,46,627,40,41,140,92,54,223,83,657,540,205,92,60,"1,554",152,"1,093",2.6,"2,752",54,0,0,0,0,0,187,180,148,124,307,375,451,272,209,102,334,88,29,36.3,"94,800",882,-,567,-,"1,304",-,-,0,670.3868641,0,1653
1603,160300,839,0,0,0,28,21,74,759,178,970,73,185,187,233,0,291,387,"1,212","1,048",159,245,325,"2,989",570,"2,265",15.,"5,232",263,278,2,20,0,0,634,344,319,326,505,554,900,739,239,277,570,229,159,37.6,"111,600","1,118",-,725,"1,112","1,472",-,-,344,854.0582589,757,2942
1604,160400,911,1,0,0,17,28,26,952,173,855,68,172,370,133,48,504,638,979,570,167,215,62,"1,993",277,"1,795",6.5,"4,626",126,1,0,0,0,17,309,285,119,382,540,505,903,506,182,266,443,195,135,38.8,"108,400",944,-,939,-,"1,075","1,889",-,0,1823.446774,0,3031
1605,160501,593,0,2,0,6,14,109,425,40,557,42,116,17,45,0,322,389,652,428,154,76,0,"1,310",76,"1,418",31.,"4,239",169,298,0,216,0,0,826,"1,136",617,180,142,702,522,233,63,208,176,95,22,13.9,"93,600",734,-,739,"1,026",542,836,-,0,1908.117439,0,1788
1605,160502,638,0,0,0,6,13,0,982,84,820,69,55,86,40,0,320,466,860,637,102,148,20,"1,767",168,"1,331",5.0,"3,764",149,141,0,2,0,0,366,486,358,142,151,528,493,430,293,168,338,204,99,34.9,"132,200",917,-,-,925,"1,065",-,-,0,1444.685621,0,2612
1606,160600,844,0,0,0,13,10,0,889,115,924,102,68,209,119,0,699,489,"1,051",519,92,48,67,"1,777",115,"1,788",10.,"4,463",67,0,0,44,0,0,197,385,457,380,248,589,488,739,390,366,282,108,3,35.7,"94,500",891,-,710,904,870,-,"1,095",0,2229.099775,0,2897
1607,160701,638,1,0,0,8,17,0,973,124,704,52,57,123,162,0,516,589,930,518,63,12,0,"1,523",12,"1,120",4.8,"3,993",88,0,0,0,0,0,307,241,390,254,261,614,472,448,375,213,307,166,33,34.7,"103,300",987,-,-,823,"1,371",-,-,0,1805.704602,0,2517
1607,160702,793,1,2,0,16,24,171,1680,92,825,76,26,72,203,19,726,456,988,696,225,204,111,"2,224",315,"2,181",6.8,"4,272",552,224,0,0,0,0,311,255,418,421,272,674,589,861,327,209,410,243,93,39.1,"112,300",817,-,772,"1,022",-,803,-,254,3060.871911,650,3680
1609,160901,565,0,0,0,9,6,222,1050,143,723,91,44,92,136,9,383,336,396,460,112,157,56,"1,181",213,"1,075",13.,"2,644",68,12,0,3,42,0,86,282,120,207,182,377,236,306,215,187,507,53,19,39.5,"118,200",975,-,-,936,"1,125",-,-,0,1233.451333,0,2809
1609,160902,677,1,1,0,6,11,17,569,145,699,78,48,169,109,1,516,530,"1,296",417,113,120,24,"1,970",144,"1,590",7.1,"4,335",247,36,0,2,0,0,331,426,255,313,279,610,458,518,323,336,447,283,41,38.3,"110,500",845,-,747,854,"1,367",-,-,0,2330.63839,0,2204
1610,161000,655,0,3,0,12,8,61,859,93,797,49,137,189,340,53,449,429,822,391,183,118,18,"1,532",136,"1,305",11.,"3,997",267,0,5,0,0,60,339,184,390,557,449,666,608,414,70,153,268,160,71,28.3,"108,400",951,-,716,893,"1,005","1,531",-,1048,4124.977941,2114,2537
1611,161100,1215,0,3,0,43,37,134,1447,290,1910,122,105,231,442,0,657,"1,310","2,059","1,043",222,283,119,"3,726",402,"2,789",4.6,"7,897",589,37,0,0,0,0,611,612,520,537,580,"1,148","1,469",846,740,466,722,266,36,36.3,"109,300",946,-,"1,005",926,-,-,-,0,5457.037561,0,5201
1612,161200,587,0,0,0,19,15,1,335,390,996,130,85,265,221,26,329,318,834,385,102,184,34,"1,539",218,"1,328",4.9,"3,385",496,242,0,0,0,0,460,262,396,486,438,733,290,533,181,189,189,71,0,25.5,"150,000","1,125",-,-,"1,143","1,260",-,-,0,9385.510781,0,2473
1613,161302,574,1,0,0,10,23,0,348,110,518,31,162,249,212,28,738,728,916,532,61,103,15,"1,627",118,"1,512",5.4,"5,368",106,221,0,3,0,10,329,580,709,559,446,859,601,623,267,211,242,246,44,27.4,"122,700","1,224",-,-,868,"1,246","1,125",-,0,7427.447869,0,1615
1613,161303,565,0,0,0,1,10,0,491,85,632,26,60,225,113,0,519,416,824,423,104,105,30,"1,486",135,"1,248",9.9,"4,196",186,64,33,0,0,19,465,464,493,461,254,674,509,343,251,169,315,92,68,26.6,"118,000","1,169",-,-,"1,148","1,239",913,-,0,6176.148279,0,1810
1613,161304,905,10,5,0,9,24,295,579,73,877,11,161,126,217,21,460,469,973,417,136,192,0,"1,718",192,"1,432",15.,"4,404",80,0,0,3,0,0,352,395,394,605,233,472,723,418,305,180,220,253,76,30.6,"100,400","1,213",-,-,-,"1,257","1,624",-,0,5203.4197,0,2788
1614,161400,0,0,0,0,0,0,0,0,0,0,0,40,"2,718","2,102",206,15,92,258,612,220,511,132,"1,733",643,572,7.1,"1,168","4,748",971,22,309,81,0,228,339,176,"2,548","2,703","1,211",474,128,5,3,19,0,0,21.2,-,"1,832",-,"1,324","1,646","1,829","2,234",-,0,,0,0
1615,161501,1094,0,2,0,13,21,31,804,118,1155,49,336,494,99,41,698,585,"1,200","1,101",314,327,39,"2,981",366,"3,076",12.,"6,718",887,128,0,55,0,61,"1,022",573,704,727,622,"1,006","1,023",695,273,343,578,211,135,28.4,"135,800",927,924,808,921,"1,311","1,450",-,708,3929.167298,1723,3287
1615,161503,577,1,0,0,4,22,0,454,131,748,54,259,332,199,19,241,638,819,660,243,400,96,"2,218",496,"1,778",10.,"5,137",378,59,0,20,0,0,367,566,366,667,557,792,723,723,185,265,328,52,29,27.9,"169,600","1,136",-,931,"1,106","1,392",-,-,0,5816.947013,0,1991
1615,161504,695,1,2,0,5,26,153,466,127,882,48,29,183,255,13,576,231,"1,262",589,80,244,131,"2,306",375,"1,679",20.,"4,931",430,156,0,0,0,114,443,593,640,444,410,"1,151",738,484,160,105,273,177,25,27.2,"138,300","1,155",-,-,980,"1,451",-,-,0,5334.135369,0,2405
1616,161600,813,0,1,0,25,28,118,618,184,722,83,125,368,59,0,307,426,"1,147",456,260,180,73,"2,116",253,"1,582",2.8,"4,131",490,191,0,0,0,0,503,207,325,532,417,482,622,810,191,194,300,205,45,34.3,"190,200",915,-,785,932,"1,135",-,-,0,2973.891523,0,2592
1618,161801,298,0,2,0,3,10,30,410,70,519,33,45,73,73,9,120,158,648,565,274,290,197,"1,974",487,"1,304",10.,"2,377",535,353,76,4,0,0,237,187,238,388,96,355,774,468,57,203,167,94,134,37.8,"189,700","1,049",-,837,"1,038","1,389",-,-,0,5910.884208,0,1375
1618,161802,1020,0,2,0,7,19,11,678,149,1884,112,139,418,328,0,503,683,"1,845","1,139",503,441,116,"4,044",557,"2,860",7.1,"7,285","1,353",678,0,232,0,0,780,"1,012","1,084","1,224",432,"1,425","1,457","1,079",582,138,375,111,63,29.2,"195,400","1,233",-,-,-,"1,269",-,-,0,8265.128987,0,3882
1619,161902,7,0,0,0,0,0,0,1,0,7,1,208,572,545,63,495,"1,410","3,101","2,460","1,142","1,202",456,"8,361","1,658","4,991",3.2,"10,797","3,679",527,79,119,11,0,"1,281","1,220",998,674,"1,116","3,391","2,574","1,711",970,366,701,481,72,31.8,"223,400","1,582",-,-,-,"1,655","2,020",-,0,10885.32921,0,16
1620,162001,8,0,0,0,0,1,0,0,17,18,12,36,108,51,10,251,292,552,242,67,162,40,"1,063",202,849,2.6,"2,158",331,0,0,0,0,0,209,157,220,154,143,389,249,346,175,102,188,105,52,34.4,"184,200","1,008",-,-,"1,068",775,-,-,0,12625.08463,0,56
1701,170101,556,0,0,0,15,8,19,1026,94,738,31,27,302,88,13,533,313,977,315,39,21,81,"1,433",102,"1,335",15.,"3,394",81,57,4,0,0,0,115,152,343,314,333,499,552,380,219,204,192,129,104,35.2,"91,600",895,-,760,895,"1,026",-,-,0,2398.887805,0,2487
1701,170102,679,0,22,0,17,27,188,928,171,1102,48,216,90,58,5,553,519,505,239,60,128,45,977,173,"1,358",10.,"2,772",115,1,0,3,0,0,96,85,246,327,88,335,407,448,232,265,216,133,13,42.2,"128,900",890,-,806,981,"1,069",-,-,0,1874.558343,0,3182
1702,170200,845,3,0,0,32,25,0,1263,172,1539,63,75,76,217,0,795,683,781,657,180,35,17,"1,670",52,"2,189",17.,"4,581",89,38,0,38,0,0,235,339,422,381,221,713,293,418,330,363,505,209,317,39.6,"126,300",619,838,389,595,845,-,-,3146,1594.278801,5441,3942
1703,170300,1189,1,20,0,23,41,549,1533,218,1598,146,70,220,538,15,934,489,"1,027",392,107,135,113,"1,774",248,"1,857",8.5,"4,954",265,88,0,19,0,0,271,307,496,454,628,881,314,655,329,310,272,351,85,32.3,"89,500",848,-,661,"1,007",853,"1,140",-,0,2524.533783,0,5318
1704,170401,762,1,0,0,37,18,59,1142,167,1134,118,90,189,136,0,437,453,636,479,118,60,25,"1,318",85,"1,473",9.7,"3,152",131,505,0,41,0,0,282,292,480,266,310,496,389,484,330,188,191,117,13,30.3,"85,300",799,-,195,780,"1,291",-,-,0,2414.098299,0,3438
1704,170402,898,0,1,0,6,17,21,961,123,1155,44,26,391,56,3,503,524,"1,065",541,118,149,54,"1,927",203,"1,690",11.,"4,571",73,22,0,0,0,0,411,312,281,396,312,727,512,577,223,381,284,173,77,32.8,"97,500",996,-,-,988,"1,214",-,-,0,2198.519248,0,3226
1705,170500,960,0,24,0,43,26,665,1345,219,1072,117,108,71,56,0,504,321,779,556,209,322,78,"1,944",400,"1,605",7.4,"3,337",459,6,0,57,0,0,293,167,293,191,146,572,437,561,236,296,327,213,127,41.2,"182,900",773,-,333,"1,316",976,-,-,0,1363.250851,0,4471
1706,170600,759,0,0,1,22,11,0,1183,131,918,129,59,97,232,0,474,473,"1,035",490,137,250,169,"2,081",419,"1,861",8.0,"3,705",179,9,2,5,0,0,123,188,92,190,279,562,497,499,238,264,520,117,331,45.5,"118,300","1,050",-,886,963,"1,322",-,-,0,2429.025783,0,3154
1707,170700,795,0,0,0,23,17,0,817,171,934,115,116,346,31,0,615,606,968,277,43,130,41,"1,459",171,"1,502",8.5,"4,515",20,9,0,9,0,0,350,233,501,485,304,443,822,333,266,212,432,103,69,34.3,"144,000",901,-,-,908,-,-,-,0,1512.471214,0,2872
1708,170800,338,0,14,0,30,10,342,359,71,396,47,25,106,122,8,134,131,459,210,30,7,0,706,7,636,5.1,"1,868",7,152,0,0,0,0,446,202,28,160,220,184,230,208,78,81,114,76,0,24.2,"49,600",845,-,850,940,-,-,-,0,1041.055975,0,1607
1709,170900,886,1,1,1,29,16,23,582,108,815,67,58,193,166,90,644,267,633,326,162,115,142,"1,378",257,"1,319",9.5,"3,307",278,37,0,0,0,0,126,303,196,279,429,475,478,294,192,161,310,302,77,35.0,"94,800","1,062",-,672,"1,119","1,088",-,-,0,1254.891689,0,2529
1710,171000,984,1,0,0,36,27,0,983,156,1150,101,199,146,88,13,925,674,"1,207",406,61,236,58,"1,968",294,"1,833",14.,"5,658",28,32,0,0,0,0,435,480,562,371,303,"1,145",737,357,361,310,413,136,108,30.9,"79,200",991,-,877,890,"1,298",-,-,0,900.0924629,0,3438
1711,171100,695,0,5,0,10,13,225,547,93,795,27,105,230,114,0,369,568,674,349,147,138,23,"1,331",161,"1,361",13.,"3,285",36,64,7,0,0,0,99,269,148,311,300,329,398,403,320,254,316,230,18,41.9,"119,100",916,-,357,"1,156","1,200",-,-,1685,1416.127585,3476,2410
1712,171200,859,0,12,0,16,17,308,933,214,946,74,61,185,80,8,548,485,968,353,109,74,34,"1,538",108,"1,464",9.6,"3,888",133,0,0,0,0,0,300,313,377,200,260,559,574,354,290,158,289,297,50,35.2,"94,200",952,-,-,936,-,"1,105",-,0,949.5402732,0,3379
1713,171301,733,0,0,0,2,4,0,675,77,705,68,55,138,97,0,346,323,733,206,161,68,96,"1,264",164,913,9.8,"2,910",105,7,0,0,0,0,320,242,243,67,273,746,319,205,112,192,222,76,61,29.5,"134,700","1,176",-,"1,016","1,066","1,315",-,-,0,1829.413221,0,2264
1713,171302,593,0,0,1,3,10,0,619,105,778,56,42,275,850,90,348,145,735,681,77,228,65,"1,786",293,"1,378",7.1,"3,662",433,97,0,70,0,0,189,246,154,873,529,354,444,256,223,245,370,252,135,29.5,"146,300",936,-,-,"1,257",880,-,-,0,2786.772134,0,2165
1714,171401,623,1,0,0,7,10,0,351,118,418,19,74,185,130,51,410,331,"1,149",390,41,108,30,"1,718",138,"1,254",5.0,"3,931",233,104,0,0,0,0,282,470,320,440,310,687,672,525,282,124,119,24,26,28.5,"164,000","1,002","1,026",-,"1,014","1,084",-,-,0,3231.978109,0,1547
1714,171402,1032,0,0,0,5,22,13,798,197,1260,60,173,255,370,14,835,499,"1,186",644,376,113,0,"2,319",113,"1,821",4.5,"6,076",220,27,0,0,0,6,566,458,467,886,351,662,"1,135",759,342,181,334,159,81,31.9,"119,200",992,-,-,857,"1,301",-,-,0,2652.093083,0,3387
1715,171501,562,0,0,0,1,8,0,472,48,547,14,54,144,70,0,426,204,479,209,20,81,31,820,112,882,9.3,"2,230",79,155,0,0,0,0,137,254,210,233,180,218,234,337,227,148,112,94,80,35.0,"135,900",865,-,-,835,"1,093",-,-,0,2264.997789,0,1652
1715,171502,935,2,0,0,5,15,58,690,133,1016,119,37,63,137,0,583,403,"1,144",901,163,119,60,"2,387",179,"2,083",2.5,"4,344",135,164,0,4,0,34,258,350,261,309,160,562,656,517,430,407,396,252,153,41.5,"101,300",769,771,765,692,"1,220",-,-,0,2193.482668,0,2973
1716,171601,644,0,0,0,4,8,0,357,60,548,13,148,235,36,0,425,290,709,358,186,158,28,"1,439",186,"1,315",8.6,"3,464",67,169,21,0,0,0,273,323,353,331,287,596,375,478,140,141,338,70,16,29.7,"102,900",971,-,914,"1,004","1,029",-,-,0,3705.598899,0,1634
1716,171602,875,0,0,0,9,45,335,435,222,621,125,193,385,30,27,443,389,"1,091",353,170,47,32,"1,693",79,"1,569",10.,"4,805",163,30,9,96,60,0,435,596,755,301,551,761,475,492,315,106,339,37,0,24.5,"189,300",970,-,955,"1,023",915,"1,170",-,0,3178.382589,5,2667
1717,171700,1015,2,3,0,37,37,119,1293,274,1439,95,130,532,557,0,350,416,"1,720","1,413",559,386,206,"4,284",592,"2,801",13.,"7,462",336,304,0,117,8,0,719,723,581,"1,124",551,837,"1,367","1,038",271,346,704,371,116,31.4,"140,600","1,138",-,-,"1,115","1,191","1,147",-,0,1658.444863,0,4314
1718,171801,693,0,4,0,38,19,127,1215,157,843,45,152,166,172,48,451,324,"1,218",753,173,229,108,"2,481",337,"2,032",5.1,"4,115",912,150,0,73,0,8,355,528,385,415,376,500,866,745,239,300,328,241,37,35.9,"127,500",977,715,749,"1,078","1,402","1,319",-,0,4334.618966,0,3141
1718,171802,881,0,0,0,48,15,0,1503,157,829,52,99,510,194,15,518,738,"1,614",769,167,214,12,"2,776",226,"2,473",7.8,"5,920",512,0,0,0,0,0,524,335,429,576,581,752,906,743,542,498,416,128,47,35.6,"120,400","1,046",-,738,"1,050","1,333",-,-,1822,4719.031623,4074,3485
1719,171903,894,0,0,0,107,18,97,1070,158,786,51,26,512,156,0,279,585,"1,328",710,187,167,59,"2,451",226,"2,052",0.8,"4,516",673,121,5,0,33,0,369,263,514,405,544,690,619,592,186,414,468,238,108,34.7,"140,700",960,-,910,916,"1,438",-,-,0,5662.557863,0,3181
1719,171912,386,1,0,0,33,5,0,474,173,732,112,81,694,217,20,180,173,"1,004",811,366,852,792,"3,825","1,644","2,436",1.0,"3,952","1,643","1,013",0,490,11,0,754,226,400,"1,083",588,"1,023",930,793,455,254,575,148,0,30.8,"233,900","1,230",-,-,"1,191","1,677",-,-,0,6738.370048,0,1916
1719,171913,409,1,0,0,11,14,0,836,164,699,50,66,289,183,0,96,438,"1,041",469,406,406,144,"2,466",550,"1,681",10.,"3,436",578,242,3,34,0,43,294,266,145,427,378,572,780,444,226,300,327,249,102,37.9,"161,500","1,341",-,-,929,"1,465",-,-,0,5313.813689,0,2184
1719,171914,392,0,3,0,6,13,95,293,98,643,130,28,323,323,40,129,260,"1,422",914,268,351,87,"3,042",438,"1,688",3.9,"4,267",604,276,10,191,0,25,269,394,405,399,547,372,"1,044",610,378,325,439,210,53,38.4,"194,300","1,641",-,-,-,"1,653",-,-,0,5442.329024,0,1673
1719,171915,116,0,0,0,4,5,25,172,33,251,11,11,88,31,4,37,97,371,316,105,157,44,993,201,680,3.8,"1,075",329,75,2,48,0,0,30,112,105,82,84,89,229,137,103,105,237,181,46,48.3,"193,100","1,734",-,-,-,-,"1,705",-,0,6338.383783,0,617
1719,171916,269,0,0,0,24,7,0,220,41,480,78,15,385,786,0,92,231,"1,428","1,871",711,"1,476",579,"6,065","2,055","3,405",8.4,"6,373","2,784","1,106",0,363,0,0,845,919,"1,068","1,040",731,"1,670","1,698","1,401",402,502,567,120,28,30.5,"235,000","1,792",-,-,-,"1,711","1,894",-,0,7374.52388,0,1119
1719,171917,317,0,0,0,23,9,0,398,92,801,38,216,780,82,66,50,230,"1,376","1,408",707,"1,224",433,"5,148","1,657","2,778",4.6,"5,861","2,150",687,8,428,0,0,503,747,989,928,747,998,"1,580","1,555",316,324,445,186,24,34.1,"217,300","1,746",-,-,-,"1,794","1,510",-,0,7178.19346,0,1678
1719,171918,262,1,0,0,40,3,0,356,60,441,88,86,486,551,68,227,317,"1,015","1,831",284,"1,225",412,"4,767","1,637","3,190",5.9,"5,762",980,609,0,103,0,0,388,390,242,573,946,"1,605","1,536",799,611,268,321,139,32,33.2,"233,400","1,356","1,349","1,166","1,587","1,907","2,019",-,0,6807.675571,0,1251
1719,171919,47,0,0,0,0,0,0,16,2,19,0,106,472,125,22,154,217,"1,011",957,328,736,179,"3,211",915,"2,060",3.6,"4,584",777,"1,068",0,90,166,0,822,575,709,595,502,"1,317","1,098",510,205,118,291,43,0,26.6,"212,100","1,655",-,-,"1,111","1,689",-,-,0,8845.265602,0,84
1719,171920,285,0,0,0,22,11,3,225,81,478,26,29,290,97,12,290,611,"1,544","1,593",681,760,367,"4,945","1,127","2,877",6.0,"6,549","1,330","1,109",0,15,0,23,724,751,964,638,254,"1,771","1,409",768,638,641,449,123,47,31.5,"172,600","1,348",-,-,-,"1,198","1,632",-,0,6357.160988,0,1131
1719,171921,14,0,0,0,0,0,0,0,3,0,4,27,116,380,50,227,319,947,"1,654",509,517,342,"3,969",859,"2,262",5.1,"4,927","1,832",527,0,181,0,0,423,771,934,476,397,"1,127","1,363",400,379,526,547,118,55,29.8,"172,400","1,492",-,-,937,"1,573",-,-,0,10221.61675,0,21
1719,171922,3,0,0,0,0,1,0,4,14,21,67,251,173,260,70,283,99,966,"1,092",391,664,184,"3,297",848,"1,849",7.3,"4,091","1,612",446,0,65,0,0,460,699,392,650,448,"1,476",857,789,251,95,177,34,0,29.6,"209,400","1,232",-,-,"1,149","1,348",-,-,0,6613.019063,0,110
1719,171923,365,0,0,0,13,10,0,358,81,645,39,97,422,405,169,196,455,"1,262","1,737",759,"1,066",462,"5,286","1,528","3,456",13.,"5,819","1,602",890,21,534,0,0,908,538,716,969,627,"1,678","1,368",903,443,601,841,74,29,31.5,"231,600","1,208",-,"1,147","1,217","1,714",-,-,0,2444.601106,0,1511
1719,171924,200,0,0,0,14,1,0,104,103,365,128,54,217,506,248,45,69,922,"1,265",604,"1,007",859,"4,657","1,866","3,255",1.8,"4,367","1,555",786,0,199,0,57,174,137,729,449,874,"1,667","1,256",780,332,311,335,53,37,31.8,"343,300","1,384","1,281","1,207","1,599","1,798",-,-,661,4870.619575,3450,915
1719,171926,196,0,0,0,43,4,0,113,81,44,135,55,138,408,98,99,0,260,763,178,180,0,"1,381",180,"1,755",4.6,751,"1,034",644,0,133,0,0,172,132,49,135,699,885,158,202,115,87,33,0,0,26.4,-,"1,164","1,300","1,026","1,221","1,413",-,-,0,2058.242988,0,616
1719,171927,609,1,1,0,46,13,30,1283,165,637,86,0,565,825,226,322,258,"1,949","1,580","1,035",936,666,"6,166","1,602","4,951",9.7,"7,852","1,482","1,289",0,513,0,234,986,922,893,527,"1,434","3,104","1,374","1,174",138,415,213,219,109,27.4,"204,700","1,370",-,"1,064","1,664","1,613",-,-,0,3918.666814,0,2871
1719,171928,224,0,2,0,9,8,33,288,75,662,150,9,157,256,63,103,57,394,"1,129",403,"1,109",872,"3,907","1,981","1,781",3.9,"3,727","1,275",566,0,47,0,0,424,421,355,335,335,786,837,817,707,294,345,163,118,37.0,"269,500","2,026",-,-,-,"1,822",-,-,0,4289.600962,0,1451
1719,171929,104,0,0,0,1,4,0,212,48,314,43,19,107,255,25,44,143,"1,090",668,222,568,221,"2,769",789,"1,605",20.,"3,937",883,316,0,137,0,0,633,599,575,180,367,922,526,734,293,60,236,155,30,26.6,"215,100","1,208",-,"1,036","1,431",-,-,-,0,3308.519051,0,726
1720,172002,32,0,0,0,15,0,0,16,5,8,20,83,"1,187",978,127,410,685,"5,652","4,043","2,265","3,370","1,969","17,299","5,339","9,732",2.2,"15,559","6,439","3,846",26,389,0,494,"2,850","1,341","2,239","1,267","1,824","5,492","5,442","3,305",695,642,"1,792",403,623,32.9,"269,800","1,746",-,982,"3,067","1,807","1,821",-,0,9434.236615,0,96
1720,172003,5,0,0,0,2,0,0,11,2,3,0,106,149,335,51,124,161,764,837,386,955,423,"3,365","1,378","1,988",4.9,"3,730","2,129",436,0,51,0,53,528,731,721,435,379,846,895,707,273,277,436,174,42,31.3,"250,200","1,401",-,-,-,"1,336","1,443",-,0,8480.420978,0,23
1720,172004,7,0,0,0,0,0,0,1,7,12,28,38,437,527,180,32,90,"1,348","1,586",681,"1,723","1,048","6,386","2,771","4,308",2.8,"5,541","3,390","1,156",0,257,0,0,"1,285","1,079",408,690,934,"1,734","2,085","1,311",327,219,463,265,104,31.9,"344,100","1,395",-,"1,172","1,502","2,041","2,695",-,0,13612.21338,0,55
1720,172005,35,0,0,0,21,5,0,11,15,10,35,0,426,224,57,24,28,564,652,359,"1,058",704,"3,337","1,762","2,277",1.8,"2,533","1,920",636,0,435,0,0,330,382,671,368,557,732,"1,180",667,258,194,330,0,28,32.3,"359,900","1,396",-,"1,284","1,463",-,-,-,0,9607.074359,0,132
1720,172008,36,0,0,0,2,3,3,65,10,102,10,304,327,336,128,75,71,"1,005","1,137",750,"1,345","1,110","5,347","2,455","3,276",4.7,"4,846","2,884","1,705",0,353,0,0,723,491,"1,538","1,341",599,817,"1,739","1,340",526,289,605,176,1,30.3,"265,500","1,876",-,-,-,"1,847","2,350",-,0,9201.810445,0,231
1801,180101,487,3,0,5,3,26,0,1150,152,1231,97,22,77,319,5,239,288,950,983,289,558,529,"3,309","1,087","2,020",1.9,"3,712","1,304",2,0,0,18,35,130,189,377,244,341,753,614,516,480,472,501,388,112,42.7,"274,100","1,443",-,797,"1,135","1,707",-,-,0,1355.252343,0,3154
1801,180102,159,0,2,3,10,14,26,734,107,503,81,11,60,15,9,42,38,317,210,71,327,352,"1,277",679,981,2.2,"1,449",362,17,2,8,0,4,106,136,133,39,81,297,227,192,133,118,281,72,37,41.5,"295,200","1,030",-,926,"1,161","1,333",-,-,0,1440.217484,0,1639
1802,180201,526,2,0,1,69,8,67,1137,145,718,105,151,40,80,8,535,429,"1,141",867,222,218,223,"2,671",441,"2,184",5.2,"4,020",643,91,31,31,0,8,205,179,334,251,232,921,640,476,337,451,562,180,68,38.6,"154,500",865,777,803,"1,124","1,182",-,-,1483,2074.871576,3761,2778
1802,180202,410,2,0,2,84,15,0,902,173,800,130,13,146,159,84,468,398,"1,006",669,305,472,400,"2,852",872,"2,426",3.4,"4,042",992,47,2,36,0,0,195,365,342,259,322,548,898,243,258,523,748,342,158,41.3,"218,700",875,768,714,"1,089","1,040",-,-,0,2358.110732,0,2518
1803,180300,720,0,3,0,21,22,39,1075,196,951,66,154,133,88,0,250,296,"1,035",606,155,327,110,"2,233",437,"1,591",10.,"3,856",412,74,0,0,93,0,290,339,426,411,190,526,519,615,271,317,309,168,54,35.4,"178,400","1,070",519,590,"1,087","1,736",-,-,0,3419.70529,0,3093
1804,180400,478,0,1,0,30,17,17,593,146,462,104,108,230,261,9,185,470,723,612,108,166,88,"1,697",254,"1,620",9.7,"3,811",197,0,10,247,0,0,451,489,142,435,449,662,456,439,165,97,345,145,43,27.4,"148,700",910,647,792,"1,001","1,094",-,-,1694,3713.729805,4330,1848
1805,180501,519,0,0,0,20,10,30,973,112,591,60,93,172,126,0,761,380,980,690,211,264,48,"2,193",312,"2,417",4.1,"3,644",512,579,0,25,0,11,286,289,329,348,259,700,402,419,340,291,672,370,140,41.3,"166,800",828,-,792,842,"1,165",-,-,0,4175.333899,0,2315
1805,180503,539,0,0,0,6,15,0,720,108,899,45,111,263,47,0,298,337,"1,120",558,232,250,29,"2,189",279,"1,402",7.2,"3,701",303,124,8,0,0,0,249,251,260,416,174,464,390,739,201,290,501,234,5,40.8,"179,800","1,662",-,-,"1,330","1,725",-,-,0,3442.068246,0,2332
1805,180504,656,0,18,0,24,15,147,694,102,837,28,125,195,61,0,446,646,841,400,156,95,84,"1,576",179,"1,368",10.,"4,104",272,285,0,0,0,0,395,532,429,425,222,746,490,490,258,153,304,219,8,30.2,"134,000",847,-,-,633,878,620,-,0,3346.371829,0,2521
1806,180602,196,1,1,0,4,11,96,305,127,517,40,58,214,41,10,162,337,907,715,137,419,646,"2,824","1,065","1,968",8.4,"2,911",917,82,0,19,0,0,61,79,192,219,212,351,366,532,318,254,203,437,862,55.4,"208,400",979,607,863,-,"1,500",-,-,0,2376.44384,0,1298
1806,180603,135,0,0,0,21,10,0,397,58,176,23,0,68,135,11,33,150,342,273,79,209,181,"1,084",390,798,5.8,"1,407",483,119,0,29,0,0,176,156,121,175,143,492,223,169,88,74,97,112,12,30.1,"189,100","1,186",-,-,"1,141","1,488",-,-,0,3170.274817,0,820
1806,180604,504,0,0,0,34,16,65,914,132,1038,94,113,292,109,39,167,532,"1,278","1,175",214,651,140,"3,458",791,"2,898",11.,"5,562",621,109,0,22,0,0,466,422,465,670,148,"1,122","1,023",748,149,291,492,172,160,33.5,"185,900","1,068",-,961,"1,139","1,419",-,-,0,2754.350079,0,2797
1807,180701,205,0,0,0,29,9,7,333,73,274,119,42,52,143,204,56,134,383,797,257,803,437,"2,677","1,240","2,393",5.0,"1,814","1,283",281,33,204,0,0,316,81,108,195,347,"1,064",479,557,208,109,197,135,118,33.1,"346,800","1,212",-,989,"1,424",-,-,-,1088,848.4097601,3764,1049
1807,180702,424,0,0,0,54,21,0,1567,144,549,132,177,252,208,90,125,202,"1,003","1,161",175,762,331,"3,432","1,093","3,193",5.3,"3,736","1,616",509,0,223,0,49,647,254,371,606,513,560,815,964,353,103,486,306,172,35.6,"241,000","1,131",-,"1,037","1,143","1,457",-,-,0,2674.817245,0,2891
1808,180800,6,0,0,0,2,1,0,8,1,1,0,33,144,152,0,52,135,648,592,126,141,63,"1,570",204,"1,523",4.3,"1,906",445,201,0,0,0,15,159,61,117,255,218,470,358,342,101,150,260,58,18,35.1,"230,000",850,717,827,"1,115","1,610",-,-,0,152.7866068,0,19
1809,180901,601,1,0,0,34,21,152,895,169,862,129,76,204,205,11,238,269,953,831,465,464,198,"2,911",662,"2,042",7.5,"4,059",729,101,18,18,43,0,448,239,271,434,286,656,794,584,479,245,389,231,40,36.8,"169,800","1,250",688,"1,630","1,103","1,450",-,-,0,941.8284473,0,2864
1809,180902,710,3,0,0,70,34,20,1410,290,1107,171,145,546,291,25,685,"1,002","1,836","1,001",280,338,189,"3,644",527,"3,051",4.9,"7,799",682,19,172,0,0,59,537,585,708,968,636,"1,006","1,189","1,356",338,352,669,313,108,34.3,"136,800","1,213",-,-,"1,048","1,298",-,-,0,1888.606995,0,3815
1810,181001,179,0,0,0,29,20,0,645,184,384,116,44,140,131,0,50,127,707,559,132,460,106,"1,964",566,"1,265",7.8,"2,282",489,216,0,74,0,0,143,243,146,199,226,680,423,369,192,60,245,135,37,33.6,"189,000","1,107",-,977,"1,124","1,500",-,-,0,1903.497232,0,1557
1810,181003,293,0,0,0,31,7,0,624,66,68,75,124,418,656,269,639,367,"1,393","1,097",234,600,318,"3,642",918,"3,929",4.3,"3,819","1,381",627,0,"2,208",0,0,495,636,562,460,"1,310","1,943","1,100",538,117,271,523,103,53,27.4,-,"1,130",814,923,"1,239","1,684",-,-,0,2046.990019,0,1164
1810,181004,204,2,0,0,18,2,90,204,49,155,24,99,376,546,420,182,141,511,"1,336",242,847,465,"3,401","1,312","3,227",3.2,"2,761","1,674",508,0,"1,013",18,0,516,250,0,549,"1,342","1,143",841,661,272,214,230,113,250,29.1,"262,000","1,208",919,999,"1,392","1,736",-,-,0,969.6984193,0,748
1810,181005,358,0,0,0,22,1,0,980,14,38,19,37,207,179,91,78,378,948,746,190,131,134,"2,149",265,"2,275",8.6,"2,337","1,019",756,39,66,0,0,334,452,246,197,471,927,755,357,188,126,148,47,57,29.2,"150,000","1,018",809,922,"1,214","1,380",-,-,0,563.2178697,0,1432
1811,181100,153,0,0,0,31,14,0,671,141,932,76,116,110,232,0,76,219,680,786,417,"1,293",902,"4,078","2,195","2,641",6.1,"3,058","1,759",214,0,276,0,22,132,306,52,270,331,550,719,701,494,513,819,397,180,52.4,"282,800","1,111",-,976,"1,262","1,699",-,-,0,2693.389656,0,2018
1812,181200,172,0,0,0,15,11,0,758,89,891,75,0,190,195,0,15,138,606,978,75,"1,179","1,020","3,858","2,199","2,231",1.5,"2,185","2,482",92,0,199,0,0,289,0,37,478,230,728,701,591,461,384,771,274,101,45.5,"310,000","1,151",-,"1,059",-,-,-,-,0,4132.368622,0,2011
1813,181301,89,0,0,0,3,5,0,169,38,239,5,31,362,194,71,88,80,238,869,141,"1,010",529,"2,787","1,539","2,504",5.5,"2,472","1,429",154,0,49,0,0,192,149,194,380,593,659,"1,098",309,44,184,442,138,81,35.7,"339,500","1,270",-,"1,056","1,340","1,758",-,-,0,2344.649554,0,548
1813,181302,204,0,0,0,24,19,0,529,129,582,167,0,456,242,379,17,280,"1,145",896,197,"1,288",369,"3,895","1,657","3,554",7.6,"3,347","1,985",272,0,207,0,0,302,105,156,327,810,"1,254",831,875,236,331,381,198,86,34.9,"220,100","1,165",984,"1,086","1,279","1,779",-,-,862,1735.602704,3717,1654
1813,181303,114,0,0,0,24,4,0,667,32,110,57,58,116,278,85,377,124,484,399,177,163,182,"1,405",345,"1,662",7.3,"1,392",779,754,0,688,0,0,283,517,293,158,486,705,525,306,109,76,122,50,13,26.3,"198,300","1,050",971,843,"1,195","1,199",-,-,19,1641.802003,34,1008
1814,181402,92,0,0,0,26,10,1,110,76,64,253,19,80,88,226,75,178,364,378,228,561,600,"2,131","1,161","2,020",3.8,"1,178",882,209,0,698,0,0,141,73,0,14,399,"1,101",295,286,110,121,255,112,104,31.4,"142,200","1,290","1,007","1,193","1,470","1,570",-,-,0,2209.428206,0,632
1814,181403,206,0,0,0,11,3,0,476,23,93,40,78,263,376,409,261,165,733,"1,033",326,905,498,"3,495","1,403","3,837",4.0,"3,149","1,393",788,0,"1,272",0,0,419,689,410,164,"1,023","1,761",947,406,322,101,268,68,48,28.4,"184,700","1,243","1,058","1,117","1,309","1,796",-,-,0,2013.360871,0,852
1814,181404,173,0,0,0,28,3,0,204,83,235,128,15,187,86,344,40,232,471,696,358,"1,084","1,079","3,688","2,163","3,447",3.6,"2,306","1,215",599,95,"1,296",0,0,232,490,138,74,617,"1,704",835,572,179,88,263,183,136,29.6,"205,000","1,335",974,"1,091","1,624","1,710",-,-,0,1720.18224,0,854
1815,181503,246,0,0,0,21,6,0,208,94,389,98,41,211,534,105,125,114,"1,112","1,779",522,"1,457",814,"5,684","2,271","4,058",5.5,"4,151","2,165","1,769",0,678,0,0,659,413,661,524,770,"2,350",977,810,361,325,589,262,249,31.5,"231,600","1,343","1,144","1,041","1,396","1,865","2,469",-,682,3864.332395,2916,1062
1815,181504,322,0,0,0,12,7,0,1003,95,379,107,69,270,487,404,0,109,811,690,576,947,"1,009","4,033","1,956","4,090",1.2,"4,160","1,418",738,2,461,0,54,797,285,372,81,"1,198","2,182",732,314,78,281,362,160,33,27.9,"222,000","1,231","1,263","1,067","1,336","1,786",-,-,0,3298.482534,0,1925
1815,181505,75,0,0,0,3,4,0,145,57,195,31,51,255,84,33,83,82,805,759,337,889,346,"3,136","1,235","1,746",7.2,"2,941","1,298",20,0,125,0,55,203,265,157,453,212,480,855,447,224,410,520,174,191,40.6,"207,500","1,453",-,-,"1,188","1,786",-,-,0,3804.191948,0,510
1815,181506,49,0,0,0,36,0,0,171,37,48,25,8,100,113,0,274,260,841,551,103,290,214,"1,999",504,"1,917",6.3,"2,248","1,013",268,1,236,0,5,214,200,242,383,207,434,549,506,194,197,371,212,70,39.2,"223,300",987,-,788,"1,317","1,589",-,-,0,4291.648859,0,366
1816,181601,326,1,3,0,19,9,66,563,72,509,49,28,225,52,0,76,222,815,567,201,310,230,"2,123",540,"1,341",9.0,"2,769",410,117,0,0,0,0,104,152,258,308,126,421,443,505,187,233,296,182,154,41.0,"194,900",850,-,334,"1,285","1,478",-,-,0,3288.420655,0,1617
1816,181602,457,3,0,0,31,17,0,507,113,855,129,95,326,114,0,281,294,"1,424","1,145",268,373,72,"3,282",445,"2,443",4.9,"5,304",336,251,0,5,0,26,566,260,366,630,349,"1,075",805,413,366,235,391,467,105,31.6,"187,100",984,"1,125",845,"1,015","1,279",-,-,0,1447.876735,0,2112
1817,181703,194,0,0,0,11,14,111,259,98,797,63,35,153,92,35,249,215,"1,122","1,182",694,"1,923",845,"5,766","2,768","3,347",0.6,"3,563","3,732",292,0,441,0,28,512,479,544,246,276,"1,737","1,099",790,727,650,756,319,152,37.1,"318,800","1,246",-,"1,027","1,239","2,051",-,-,0,6825.572481,0,1547
1817,181704,284,0,2,0,28,8,33,335,110,450,120,33,394,196,85,103,523,"1,212",691,366,560,564,"3,393","1,124","2,455",10.,"4,846",992,175,0,233,0,0,279,639,442,535,424,"1,006","1,282",532,136,344,420,233,66,33.9,"188,100","1,250",-,965,-,"1,490",-,-,0,5754.273448,0,1370
1817,181705,320,0,0,0,24,13,3,291,75,262,46,8,197,279,128,254,271,861,"1,303",660,699,262,"3,785",961,"3,029",4.9,"3,624","1,103",659,0,803,0,50,605,213,299,295,604,"1,549","1,172",798,206,70,382,43,90,33.0,"194,600","1,233",886,"1,088","1,249","1,703","1,900",-,805,2967.144863,2657,1034
1817,181711,263,0,0,0,11,10,0,329,104,967,115,129,208,301,86,126,134,"1,063","1,535",630,"1,640",803,"5,671","2,443","3,039",5.6,"5,345","2,029",558,105,707,0,104,350,"1,015",934,606,485,"1,040","1,650","1,137",604,588,651,140,121,37.8,"218,200","1,581",-,182,971,"1,803","1,796",-,0,6997.649019,0,1799
1817,181712,134,0,0,0,8,1,0,204,54,409,13,16,123,54,71,167,103,762,463,223,865,332,"2,645","1,197","1,331",4.3,"2,413","1,211",292,8,112,0,28,323,183,271,207,230,528,452,486,272,255,515,245,162,41.1,"228,000",-,-,280,-,"2,129",-,-,0,5709.434162,0,823
1817,181713,392,1,16,0,14,13,81,699,99,910,52,73,306,150,0,80,74,"1,171","1,171",827,968,529,"4,666","1,497","2,729",2.6,"4,746","2,004",188,25,122,0,0,661,453,533,558,352,"1,356",894,817,397,347,687,219,103,34.0,"202,700","1,202",-,-,987,"1,687",-,-,0,4548.424038,0,2277
1817,181715,432,0,0,0,7,8,0,371,84,675,23,43,296,272,31,127,150,"1,301","1,168",590,813,140,"4,012",953,"2,167",2.4,"4,918","1,251",138,0,72,0,0,331,309,657,335,503,"1,084","1,143",447,741,350,363,126,35,34.8,"186,500","1,420",-,-,-,"1,413",-,-,0,7920.867371,0,1600
1817,181716,447,0,0,0,11,10,13,848,93,857,31,41,330,492,63,507,97,"1,595","1,106",967,788,294,"4,750","1,082","2,711",2.8,"6,542","1,012",76,14,287,0,0,410,325,855,252,806,"1,592","1,174",968,339,753,456,72,0,34.0,"163,200","1,562",-,-,"1,359","1,668","1,692",-,0,9001.06578,0,2310
1817,181718,201,1,0,0,5,4,0,265,147,739,213,83,142,96,42,79,263,803,820,582,680,233,"3,118",913,"1,844",1.8,"2,519","2,055",93,0,55,0,0,254,318,339,330,119,908,357,987,261,295,317,264,71,41.0,"228,700","1,732",-,-,-,"1,733","1,823",-,0,8713.020913,0,1575
1817,181720,142,1,0,0,5,3,0,74,67,462,68,80,51,133,23,62,67,750,876,342,962,634,"3,564","1,596","1,574",12.,"2,294","2,683",142,8,85,74,2,180,291,652,374,148,574,"1,096",773,344,357,410,120,19,39.5,"286,400","1,574",-,-,-,"1,806","1,151",-,0,7751.459989,0,822
1817,181721,95,0,0,0,15,3,0,160,52,324,45,35,89,179,33,22,24,412,550,285,409,421,"2,077",830,"1,079",7.1,"2,034","1,119",44,33,6,0,0,76,239,280,345,182,386,521,416,256,199,229,110,6,38.2,"234,000","1,859",-,-,-,"1,791","2,193",-,0,8654.275076,0,694
1817,181722,181,0,0,0,6,4,0,290,56,560,21,12,237,130,10,35,83,427,869,265,687,447,"2,695","1,134","1,599",5.4,"2,354","1,508",245,0,33,0,0,364,325,245,292,314,725,553,496,181,240,418,148,52,33.4,"228,300","1,614",-,-,"1,357","1,622","2,178",-,0,8317.306547,0,1118
1817,181723,162,0,0,0,3,5,62,345,66,446,14,75,142,134,31,35,138,776,737,330,491,197,"2,531",688,"1,344",2.4,"3,059","1,170",162,2,76,0,26,343,537,402,374,261,714,487,583,247,227,327,119,0,31.9,"189,200","1,741",-,-,-,"1,700","1,901",-,0,9357.569012,0,1103
1817,181724,68,0,0,0,11,2,0,55,39,222,14,4,221,236,16,102,10,537,765,450,834,599,"3,185","1,433","1,632",2.2,"2,791","1,616",215,17,196,0,0,384,453,321,445,274,730,693,944,248,200,304,170,8,34.9,"285,400","1,763",-,-,-,"2,000","1,650",-,0,9842.757743,0,411
1817,181725,305,0,0,0,18,10,0,458,123,254,48,0,75,528,49,472,185,952,925,619,201,216,"2,913",417,"2,570",7.7,"4,388","1,092",228,15,84,0,0,321,450,488,421,574,613,"1,171",320,238,220,847,58,103,35.3,"256,200","1,087","1,106",961,"1,150","1,403",-,-,0,1867.871054,0,1216
1817,181726,30,0,0,0,3,0,0,20,31,39,24,58,318,532,54,186,535,"1,380","2,345",947,"1,961","1,317","7,950","3,278","4,179",1.1,"9,029","4,366",573,0,248,0,0,995,"1,599","1,804","1,062",671,"2,474","2,985","1,654",653,312,248,232,113,30.6,"265,900","1,789",-,-,-,"1,733","2,623",-,0,10429.41618,0,147
1817,181727,198,0,3,0,12,4,192,362,74,347,31,24,320,185,0,187,260,821,660,173,280,151,"2,085",431,"1,509",11.,"3,063",542,224,0,74,0,26,226,235,264,362,325,748,453,605,143,191,240,82,70,32.3,"175,800","1,109","1,103",902,"1,279","1,425","1,741",-,0,2787.016536,0,1223
1817,181729,30,0,0,0,2,0,0,10,5,95,6,32,333,356,157,35,140,"1,060","2,059",802,"2,888",886,"7,695","3,774","4,273",5.1,"7,466","3,739",840,102,488,0,0,"1,187","1,312","1,659",885,580,"2,724","2,733","1,191",448,342,393,39,0,30.7,"281,000","1,557",-,"1,317","1,166","1,868","1,507",-,0,13064.62203,0,148
1817,181730,207,1,0,0,12,6,0,427,92,403,50,38,153,43,30,143,169,627,596,483,386,242,"2,334",628,"1,488",2.9,"2,664",733,316,48,39,0,0,232,320,268,319,87,675,424,441,367,137,486,105,11,36.6,"175,900","1,363",-,-,"1,368","1,325",-,-,0,6344.869225,0,1198
1817,181731,315,0,0,0,7,9,0,348,80,873,51,50,356,233,18,160,75,645,"1,406",295,"1,219",842,"4,407","2,061","2,413",4.5,"5,047","1,724",118,0,140,0,0,299,521,681,573,429,"1,056",885,824,602,464,621,148,42,35.1,"205,900","1,550",-,-,-,"1,675","1,467",-,313,7317.108999,1695,1683
1817,181732,155,0,0,0,25,0,100,115,11,141,103,42,467,609,0,399,139,"1,069","1,443",456,"1,397",353,"4,718","1,750","3,199",8.6,"5,125","2,894",181,0,878,0,0,837,723,964,560,981,"2,021","1,489",909,155,291,358,33,0,28.2,"183,400","1,520",-,"1,098","1,534","1,832",-,-,0,9923.05541,0,650
1817,181700,0,0,0,0,0,0,0,0,0,0,0,0,254,86,0,101,97,975,"1,043",247,769,478,"3,512","1,247","1,752",2.0,"4,074","1,601",215,0,301,0,0,762,612,709,337,222,"1,455",944,751,87,227,189,57,0,28.5,"257,300","1,677",-,-,-,-,"1,652",-,0,1540.205164,0,0
1818,181808,83,0,0,0,15,3,0,228,96,254,104,23,9,36,28,57,26,245,178,76,342,557,"1,398",899,926,1.6,889,682,31,0,315,0,0,67,139,120,50,82,510,299,223,102,78,144,93,32,35.1,"468,200","1,577",-,"1,346","1,656","2,081",-,-,0,3983.618698,0,783
1818,181809,341,1,0,0,8,17,86,1137,129,769,61,30,314,651,27,172,97,"1,377","1,048",307,660,351,"3,743","1,011","2,489",6.0,"3,966","1,595",377,0,92,0,0,575,215,198,632,736,"1,508",642,637,202,321,507,131,64,29.9,"170,900","1,525",-,782,"1,330","1,706",-,-,0,5559.536115,0,2549
1818,181811,202,0,3,0,10,3,177,340,92,467,93,11,174,80,16,35,100,585,636,269,675,485,"2,650","1,160","1,620",4.7,"2,069","1,466",232,0,144,73,0,294,237,227,234,247,584,499,432,250,382,371,229,38,37.5,"248,300","1,317",-,975,"1,363","1,828",-,-,0,1494.342729,0,1387
1818,181813,185,0,0,0,26,4,0,245,71,242,113,159,273,405,378,203,274,"1,033","1,249",396,"1,668",679,"5,025","2,347","4,165",6.0,"4,811","1,970",920,0,394,0,25,"1,098",337,481,254,"1,079","2,362","1,083",863,230,297,396,120,151,28.0,"345,200","1,304","1,288","1,144","1,564","1,615",-,-,0,3856.707305,0,886
1818,181814,189,1,0,0,21,1,0,276,82,186,49,52,258,568,571,75,26,348,"1,148",449,"1,870",990,"4,805","2,860","3,907",7.2,"3,882","2,192",516,0,499,0,12,295,194,258,218,"1,422","2,949",580,638,139,79,244,213,64,27.3,"301,100","1,401","1,336","1,212","1,663","1,717",-,-,0,1343.557889,0,805
1818,181815,78,0,0,0,20,9,0,204,74,324,61,0,45,233,7,34,18,205,499,181,621,497,"2,003","1,118","1,360",3.5,"1,089","1,171",366,0,134,0,5,380,116,91,144,257,578,395,319,123,193,277,130,40,33.5,"274,700","1,130","1,102",976,"1,321","1,881",-,-,0,2702.286138,0,770
1818,181816,137,0,0,0,4,6,0,328,126,524,61,46,60,100,24,76,88,438,579,521,635,743,"2,916","1,378","1,626",2.5,"2,125","1,442",157,25,228,0,0,263,165,119,259,145,762,619,356,302,337,539,131,34,39.0,"266,500","1,476",-,-,-,"1,716","1,625",-,0,4128.277087,0,1186
1818,181817,48,0,0,0,3,5,0,70,28,138,35,20,26,177,33,24,218,581,385,325,493,312,"2,096",805,"1,335",5.9,"1,889",636,356,47,140,0,0,175,158,117,174,153,578,252,237,362,172,424,193,120,44.2,"319,800","1,548",-,-,"1,382","1,779",-,-,0,3094.010242,0,327
1818,181818,121,0,2,0,7,5,16,270,73,524,51,70,282,224,110,123,96,898,"1,036",256,939,521,"3,650","1,460","2,790",4.4,"2,272","1,940","1,004",0,367,0,41,201,176,355,533,603,720,862,681,231,233,608,335,199,40.9,"307,900","1,176","1,031",982,"1,574","1,677",-,-,621,3564.727456,3835,1069
1818,181819,200,2,0,0,30,4,55,372,95,404,63,124,419,790,314,187,124,574,939,535,"1,576","1,151","4,775","2,727","3,438",3.8,"4,461","2,230",531,4,922,0,46,344,669,679,435,"1,341","1,829","1,244",968,383,262,195,188,17,29.5,"283,900","1,257","1,322","1,106","1,249","1,835","2,304",-,0,4972.720247,0,1225
1818,181820,156,3,21,0,20,5,39,192,56,237,114,40,"1,106","5,148",271,12,184,144,358,173,830,473,"1,978","1,303","2,505",9.9,"4,498","1,998","1,310",20,970,0,30,86,36,146,"3,167","3,510","1,038",278,440,120,115,177,6,0,20.8,"401,200","1,221","1,073","1,178","1,285","1,548","1,261",-,0,3912.626489,0,843
1818,181821,76,0,0,0,1,1,0,189,72,270,28,22,331,233,62,118,57,312,712,247,560,344,"2,175",904,"1,521",5.2,"2,037","1,227",109,0,160,0,0,352,163,132,253,483,815,526,355,166,168,185,70,65,30.6,"240,500","1,236",-,916,"1,324","1,667",-,-,0,4524.471927,0,637
1818,181822,166,0,1,0,11,7,91,347,125,654,34,0,51,217,43,152,65,582,922,505,694,354,"3,057","1,048","1,976",3.4,"2,546","1,508",183,12,170,0,0,161,262,249,236,237,827,354,601,249,272,614,234,123,41.5,"227,900","1,273","1,193","1,044","1,386","1,455",-,-,0,6522.410423,0,1436
1818,181823,88,0,0,0,1,3,0,134,25,197,66,34,143,740,78,25,19,210,418,116,586,251,"1,581",837,"1,149",3.2,"1,409","1,313",109,0,210,0,0,108,142,106,345,739,560,415,231,101,127,141,50,0,27.2,"250,200","1,288",-,"1,128","1,424","2,100",-,-,0,6077.741805,0,514
1818,181824,124,0,1,0,5,5,78,150,55,351,58,84,168,377,81,67,54,405,411,143,666,388,"2,013","1,054","1,419",3.2,"2,361",647,59,17,375,0,8,51,240,232,341,563,456,734,322,171,133,232,83,3,33.2,"218,900","1,853",-,-,"1,372","2,055",-,-,0,6998.309757,0,827
1818,181825,97,0,0,0,16,3,0,101,41,321,69,5,353,430,188,134,228,813,678,266,993,653,"3,403","1,646","2,596",9.7,"2,933","2,598",130,0,421,0,0,524,460,585,307,815,"1,076",854,817,244,275,246,201,52,30.1,"285,700","1,208",796,"1,123","1,609","2,206",-,-,0,5436.144748,0,648
1818,181826,187,1,0,0,1,8,0,134,92,679,31,109,240,443,27,64,35,535,"1,057",426,"1,428",691,"4,137","2,119","2,318",4.5,"4,311","1,599",291,0,305,0,0,394,430,711,436,650,941,"1,131",970,184,331,382,262,35,32.8,"231,400","2,149",-,-,-,"2,174","2,099",-,0,,0,1133
1819,181901,163,0,0,0,46,3,0,95,34,119,89,35,537,808,162,93,79,147,532,244,"1,013",647,"2,583","1,660","3,033",6.4,"2,001","1,934",307,0,332,0,0,37,223,210,315,"1,316","1,581",565,243,85,137,76,68,0,25.8,"385,400","1,313","1,178","1,297","1,680","2,157",876,-,0,7146.798338,0,549
1819,181902,100,0,1,0,17,3,62,98,148,275,58,76,584,432,271,156,160,589,"1,120",953,"1,860","2,138","6,660","3,998","4,565",3.2,"5,143","4,316",190,28,610,0,0,528,775,503,"1,265",979,"1,678","1,178","1,554",639,658,657,391,221,32.5,"529,000","1,653",-,"1,487","1,841",-,-,-,125,10886.71939,1290,762
1820,182001,55,0,0,0,9,0,0,42,34,243,16,29,187,143,35,10,59,424,686,356,"1,161",664,"3,291","1,825","1,920",1.8,"2,613","2,093",92,22,228,47,7,260,305,587,399,279,757,788,888,233,250,276,92,76,35.6,"313,200","1,469",-,"1,189","1,685","2,031",-,-,0,7753.543237,0,399
1820,182002,59,0,0,0,0,3,0,41,25,278,23,5,245,443,87,18,145,417,"1,256",451,"2,377","1,821","6,322","4,198","3,490",6.0,"3,596","4,372",155,0,855,0,0,460,351,492,681,590,803,805,"1,901",898,510,"1,155",347,66,47.5,"455,800","1,434",-,"1,278","1,743","2,755",-,-,0,9709.632754,0,429
1820,182003,53,0,0,0,10,5,0,159,51,312,36,22,110,206,86,78,48,385,573,211,"1,125",891,"3,185","2,016","2,026",6.7,"1,943","1,780",175,0,896,0,8,258,327,329,268,348,508,562,851,200,361,534,248,47,41.6,"438,700","1,637",-,"1,276","1,700","2,041","2,500",-,0,8243.787755,0,626
1821,182102,32,0,0,0,1,0,0,31,7,121,8,155,185,358,152,174,214,594,"1,429",596,"2,785","1,996","7,400","4,781","4,328",2.5,"3,751","7,153",18,0,737,0,33,891,"1,054",760,859,564,"1,079","1,858","1,444",534,919,"1,195",668,91,39.9,"475,200","1,461",-,"1,268","1,448","2,004","1,925",-,0,15113.89608,0,200
1821,182105,3,0,0,0,0,0,0,2,13,5,44,113,201,358,52,3,101,746,"1,615",610,"2,994","1,282","7,247","4,276","3,822",5.7,"6,341","4,201","1,186",20,250,0,8,969,"1,430","1,374",799,458,"1,963","2,244","1,439",428,373,693,195,16,32.4,"354,100",-,-,-,-,-,-,-,0,20664.92222,0,67
1821,182100,0,0,0,0,0,0,0,0,0,0,0,0,113,731,100,84,122,892,"1,238",819,"2,157","1,408","6,514","3,565","3,189",6.1,"5,444","3,521",300,0,164,0,0,673,687,474,541,756,"1,510","1,050","1,656",660,380,875,337,252,37.0,"379,800","2,027",-,-,-,"1,617","2,217",-,0,,0,0
1901,190100,382,11,2,0,17,23,300,1101,139,718,161,2,128,63,0,308,113,604,507,149,311,171,"1,742",482,"1,640",5.2,"2,237",482,61,0,5,12,0,129,113,157,88,147,360,312,347,290,226,324,92,212,48.6,"166,500",901,703,453,"1,364","1,133",-,-,0,2111.212004,0,2854
1902,190200,362,44,0,5,47,14,20,1346,227,975,307,10,103,55,46,34,40,695,824,264,810,713,"3,306","1,523","2,458",3.0,"2,153","1,357",193,23,0,0,0,154,68,51,53,162,756,678,962,209,168,423,152,32,45.1,"551,700","1,170",778,"1,025","1,433","2,105",-,-,1077,3349.457223,2601,3347
1904,190400,101,3,0,1,5,9,1,328,137,495,168,38,214,"2,040",131,0,0,193,228,32,549,819,"1,821","1,368","1,385",5.7,"1,625","2,062",210,7,331,0,0,54,56,76,"1,280","1,206",522,208,328,77,171,271,208,36,21.9,"581,400","1,356",-,"1,213","1,476",-,-,-,0,3240.522463,0,1248
1905,190501,343,2,0,1,16,8,0,912,145,622,153,0,19,166,161,209,190,712,620,55,214,83,"1,684",297,"1,228",2.7,"2,557",424,20,0,10,0,0,99,67,277,173,312,603,273,446,96,311,249,74,31,34.6,"151,600","1,158",-,964,"1,238","1,906",-,-,0,306.5477141,0,2202
1905,190503,374,6,0,4,8,12,0,1057,93,764,82,22,87,64,23,260,67,342,572,134,341,321,"1,710",662,"1,474",5.1,"1,913",693,33,5,7,0,39,57,142,134,307,62,448,356,527,102,185,301,109,9,38.5,"296,900",985,657,922,"1,077","1,389",-,-,0,1872.888514,0,2400
1905,190504,408,2,1,4,18,11,49,1311,145,594,88,19,63,37,0,272,265,479,292,131,136,268,"1,306",404,"1,120",7.1,"2,116",409,31,0,25,0,0,63,142,218,269,67,273,615,322,73,177,225,96,62,37.4,"199,700",711,259,579,"1,303","1,640",-,-,0,1074.093353,0,2631
1906,190601,435,2,0,0,12,8,23,857,71,629,78,187,96,143,0,415,579,876,228,180,144,43,"1,471",187,"1,247",6.4,"3,595",227,21,0,0,0,0,190,323,184,390,294,609,641,432,195,116,259,161,52,34.2,"161,500","1,052",-,943,"1,049","1,415",-,-,0,1202.693373,0,2115
1906,190603,444,3,0,0,6,11,0,805,103,640,125,25,68,64,4,324,320,453,395,113,192,76,"1,229",268,952,10.,"2,437",120,9,25,17,0,14,250,193,104,76,129,480,418,344,208,41,235,129,18,35.9,"193,300","1,148",-,967,"1,190","1,065",-,-,0,2297.348332,0,2137
1906,190604,585,3,0,0,27,19,41,909,112,840,67,91,188,148,84,591,530,795,485,305,74,4,"1,663",78,"1,467",6.8,"4,304",122,163,0,0,0,0,295,413,354,425,318,838,494,678,247,113,256,108,50,30.4,"134,800","1,244",-,-,"1,048","1,488",-,-,0,1725.481492,0,2603
1907,190700,280,1,0,0,4,10,46,729,92,478,25,11,250,149,72,207,143,506,340,81,707,486,"2,120","1,193","1,898",3.3,"2,302","1,033",0,26,24,18,0,149,94,161,91,438,436,318,289,329,427,363,167,141,45.5,"249,600",985,922,787,"1,115","1,785",-,-,0,3189.611373,0,1665
1908,190800,0,0,0,0,0,0,0,0,0,0,0,11,14,126,82,5,7,169,149,97,583,576,"1,574","1,159","1,060",9.4,306,"1,891",41,0,9,0,0,77,122,161,137,203,288,199,361,200,105,211,176,46,42.6,"764,200","1,071",-,842,"1,246",-,-,-,0,,0,0
1909,190901,321,1,0,0,125,35,2,1255,223,533,260,138,308,254,97,156,400,898,"1,419",244,673,673,"3,907","1,346","2,907",7.1,"4,379","1,770",130,0,139,0,0,574,254,172,619,406,"1,208",718,736,638,174,335,310,344,35.1,"256,600","1,048",-,"1,031",960,"1,657",-,-,0,3132.98449,0,2755
1909,190902,403,3,5,0,48,15,313,1088,209,694,127,19,195,95,45,105,74,789,854,300,404,282,"2,629",686,"1,614",1.5,"2,733","1,251",133,9,31,0,0,180,189,391,417,212,364,645,823,250,167,349,92,118,40.3,"207,400","1,917",-,"1,059","1,228","2,132",-,-,0,3559.326136,0,2905
1910,191003,730,1,0,0,34,25,0,1226,292,758,83,193,233,525,22,481,618,"1,529","1,424",289,735,60,"4,037",795,"3,364",4.8,"7,351","1,049",334,0,0,26,20,"1,027",610,832,541,699,"1,443","1,052",891,419,239,661,270,161,29.9,"163,700","1,037",775,897,"1,186","1,013",-,-,0,2913.119258,0,3149
1910,191004,304,2,0,0,37,12,0,756,136,343,93,77,214,194,0,402,414,696,382,144,182,139,"1,543",321,"1,588",3.8,"3,610",400,186,0,9,12,0,373,354,322,387,422,711,511,473,178,142,196,126,22,28.0,"188,500",984,647,759,"1,077","1,649",-,-,0,4168.013202,0,1683
1910,191005,249,2,0,0,6,12,0,408,87,408,18,14,106,22,4,79,223,456,436,121,49,36,"1,098",85,842,3.8,"2,088",175,49,0,0,0,0,113,197,222,279,101,268,419,205,87,148,169,70,34,32.8,"146,400","1,226",-,940,"1,259","1,247",-,-,0,3231.834416,0,1190
1910,191006,944,0,1,0,30,16,57,1191,289,910,88,195,247,260,47,"1,056",665,"1,120",741,202,297,31,"2,391",328,"2,503",7.3,"5,915",259,22,0,0,0,0,325,314,354,561,530,458,"1,081","1,027",335,321,397,469,24,39.8,"156,000","1,092",-,"1,045","1,192","1,091",-,-,0,2850.701388,0,3526
1912,191201,132,1,0,0,5,6,0,424,57,370,49,46,57,161,16,105,122,435,444,148,568,426,"2,021",994,"1,249",2.9,"1,636","1,173",125,0,1,0,37,154,101,143,221,174,456,440,412,202,188,210,219,121,41.1,"259,200","1,544",-,"1,101",-,"1,703",-,-,1296,1232.288079,6675,1044
1912,191202,328,1,0,0,24,11,0,744,145,675,185,84,277,165,55,158,187,934,"1,044",323,447,578,"3,326","1,025","2,654",5.5,"2,787","1,625",378,0,11,0,0,185,152,205,223,449,652,783,"1,123",209,227,172,349,156,42.3,"269,200","1,025",-,959,"1,135","1,625",-,-,0,2042.898696,0,2113
1913,191303,78,0,0,0,26,4,0,113,67,171,62,6,33,107,3,46,49,243,292,145,289,204,"1,173",493,832,2.1,694,878,44,0,7,23,0,98,66,68,67,131,322,260,141,98,121,215,62,49,38.5,"281,400","1,114",926,989,"1,386",-,-,-,0,1606.520869,0,521
1913,191304,151,0,0,0,31,15,0,1429,82,254,125,91,78,105,12,15,128,723,530,115,142,92,"1,602",234,"1,486",5.8,"2,095",424,94,0,29,33,0,251,231,52,141,267,593,306,314,214,69,128,38,83,33.1,"248,100",876,664,856,"1,088","1,304",-,-,0,1193.369584,0,2087
1914,191405,239,0,17,0,9,13,306,419,147,920,83,132,390,212,34,63,113,731,"1,067",586,"1,950","1,631","5,965","3,581","3,843",4.7,"3,814","3,841",529,16,231,0,0,341,584,572,611,397,"1,429",950,"1,185",627,297,930,545,178,39.3,"327,800","1,208","1,103","1,267","1,277","1,158",-,-,102,5063.790971,372,2153
1914,191406,147,0,0,0,17,8,0,95,118,598,130,29,39,149,118,13,31,352,"1,047",283,"1,640","1,264","4,586","2,904","2,764",0.3,"1,988","4,003",188,0,100,0,0,543,293,264,448,254,468,"1,052",863,314,370,995,499,69,44.2,"438,000","1,467",-,"1,158","1,522","2,641",-,-,0,7152.576344,0,1113
1914,191408,96,0,0,0,9,4,0,293,30,82,76,38,77,42,60,29,139,532,509,232,363,86,"1,722",449,"1,750",2.1,"1,580",741,237,0,158,0,0,353,216,119,75,158,748,547,206,134,75,114,56,10,30.8,"228,800","1,121","1,101","1,044","1,262",-,-,-,0,2851.840083,0,590
1914,191409,311,1,0,0,11,9,0,863,66,440,47,0,159,369,38,586,486,630,"1,280",543,"1,086",456,"3,995","1,542","3,709",3.8,"4,436","1,591",427,0,417,0,125,200,535,603,341,538,"1,772","1,483",885,279,270,184,141,53,32.9,"245,000","1,078",966,"1,002","1,283","1,693",-,-,0,3211.754556,0,1748
1914,191410,149,0,8,0,22,3,117,207,33,105,26,15,677,94,60,14,253,908,626,614,715,633,"3,496","1,348","3,706",2.8,"3,565","1,602",639,0,18,0,0,236,224,460,336,846,"1,672",943,413,173,242,234,86,0,30.4,"235,600","1,098","1,319","1,012","1,295",-,-,-,0,2620.960603,0,670
1914,191411,109,0,0,0,5,10,0,68,36,351,8,57,149,154,101,67,186,719,615,219,785,669,"3,007","1,454","2,392",0.0,"2,670","1,983",137,0,0,0,0,213,149,575,332,365,480,963,661,329,194,471,140,22,38.5,"350,900","1,365",-,"1,188","1,454",-,-,-,0,3897.723599,0,587
1914,191412,25,0,0,0,3,2,3,12,8,83,56,36,21,61,68,6,18,74,130,58,600,662,"1,524","1,262",783,5.4,599,"1,428",43,8,48,15,0,91,109,177,161,119,123,181,372,207,168,313,112,72,49.4,"579,900",-,-,-,-,-,-,-,0,7006.782596,0,192
1914,191413,125,0,0,0,10,14,0,265,110,566,116,29,144,104,0,74,90,723,"1,206",378,"1,096",863,"4,266","1,959","2,943",3.4,"2,344","2,919",196,6,93,0,0,397,243,332,266,180,"1,046","1,284",638,291,398,329,337,107,38.1,"362,200","1,322",-,"1,066","1,528","2,606","2,297",-,40,5632.890547,343,1206
1915,191503,127,0,0,0,8,3,19,245,114,596,106,21,76,0,71,36,69,506,688,205,"1,008","1,263","3,670","2,271","2,405",0.0,"2,246","2,603",3,0,93,0,0,313,265,297,242,111,655,627,419,398,284,932,349,111,44.8,"331,100","1,363",-,"1,215","1,545",-,-,-,0,3586.363127,0,1218
1915,191504,6,0,0,0,0,0,0,23,10,28,42,10,76,235,68,4,0,168,268,104,629,802,"1,971","1,431","1,116",1.2,"1,071","1,654",41,0,83,0,0,105,61,185,280,257,233,170,431,212,264,375,200,90,50.0,"1,017,500",-,-,-,-,-,-,-,0,5113.745946,0,109
1915,191505,45,0,0,0,3,6,0,38,40,373,67,20,6,54,30,14,4,136,298,60,507,512,"1,513","1,019",850,2.9,826,"1,167",42,0,19,0,0,139,115,109,74,101,72,219,228,124,157,315,319,97,53.2,"465,400",-,-,-,-,-,-,-,0,3107.856924,0,572
1915,191506,123,0,0,0,21,10,0,151,73,685,161,28,421,175,153,94,168,434,542,266,"1,052","1,268","3,562","2,320","2,705",6.5,"2,547","2,156",380,0,273,0,0,287,205,342,366,629,625,783,716,281,286,555,243,335,40.2,"405,000","1,280",-,"1,069","1,421",-,-,-,0,4321.37008,0,1224
1917,191701,4,0,0,0,2,2,0,17,12,50,15,0,20,28,35,3,26,151,170,24,278,421,"1,044",699,570,2.4,312,949,127,0,10,0,0,109,59,103,56,55,173,148,139,100,105,227,112,69,49.5,"452,100","2,125",-,-,-,-,-,-,0,3886.683146,0,102
1917,191702,74,0,0,0,20,4,0,129,62,332,59,0,95,97,65,22,123,398,"1,204",271,"1,616","1,386","4,875","3,002","3,222",1.6,"1,490","5,256",497,0,245,0,0,564,708,911,265,181,"1,161","1,220",833,338,381,559,399,129,35.4,"383,700","1,591",-,"1,140","1,673","1,958",-,-,0,5590.202254,0,680
1918,191804,1,0,0,0,0,0,0,0,0,2,1,0,202,377,25,14,0,833,"2,264",591,"2,556","1,660","7,904","4,216","3,727",1.5,"3,553","6,516",697,6,262,0,0,594,660,996,688,370,"1,309","1,578","2,097",718,526,"1,151",506,33,41.7,"463,300",-,-,-,-,-,-,-,0,17174.21419,0,4
1918,191806,81,0,0,0,16,4,0,75,57,593,165,67,123,102,102,57,50,379,707,168,"2,009","1,907","5,170","3,916","3,118",5.5,"2,261","4,009",56,21,995,0,0,337,627,578,544,249,817,"1,115","1,191",641,555,576,335,47,40.9,"569,100","1,451",-,"1,218","1,741",-,-,-,0,9279.318615,0,991
1918,191807,189,2,1,0,88,3,81,150,82,146,93,7,178,442,320,138,69,965,"1,323",753,"2,151","1,580","6,772","3,731","6,002",1.5,"4,580","3,717",558,0,676,0,0,398,412,467,456,889,"1,913","1,545","1,195",613,301,738,524,150,37.5,"618,600","1,630","1,212","1,519","1,835","1,621",-,-,150,9204.378269,1916,835
1918,191808,28,0,0,0,6,1,30,19,6,23,19,0,62,171,0,3,56,348,885,294,"1,168",951,"3,646","2,119","2,061",3.9,"1,725","2,722",412,0,287,38,0,223,466,660,352,161,"1,019",793,759,210,458,270,172,24,33.5,"478,200","1,592",-,"1,248","1,731",-,-,-,0,10225.06838,0,132
1918,191809,18,0,0,0,2,0,0,7,19,16,8,165,171,378,92,40,330,564,730,316,"2,018","1,450","5,078","3,468","2,902",3.4,"3,475","3,836",135,0,641,0,0,443,518,672,792,411,633,"1,504","1,436",411,557,723,135,49,39.2,"425,500","2,020",-,-,"2,042","2,073",-,-,0,12549.15418,0,70
1918,191810,17,0,0,0,0,0,0,9,14,7,11,11,58,418,48,22,60,351,623,372,"1,729",895,"3,970","2,624","2,459",9.3,"2,045","2,805",654,0,"1,004",0,0,313,880,663,368,391,563,"1,258",741,445,216,497,291,41,35.7,"421,300","1,439",-,"1,315","1,892","1,896","2,292",-,0,12738.3747,0,58
1918,191811,78,0,0,0,2,3,26,31,22,48,42,36,92,93,34,16,54,465,493,217,860,803,"2,838","1,663","1,567",6.7,"1,410","2,087",191,0,595,0,11,153,434,523,288,142,424,763,834,157,240,257,196,37,40.5,"469,300","1,766",-,"1,419",-,"2,558","2,664",-,0,11051.33615,0,252
1918,191812,45,0,0,0,1,0,0,44,16,46,27,40,75,157,0,18,93,352,334,178,684,972,"2,520","1,656","1,444",1.1,"1,570","1,741",117,0,427,0,9,148,302,366,403,113,259,501,960,202,266,327,107,9,42.6,"439,400","2,125",-,-,-,-,-,-,0,10690.56871,0,179
1918,191813,128,0,0,0,5,5,0,206,54,611,56,27,243,283,59,140,95,559,663,205,"1,590",823,"3,840","2,413","2,574",2.5,"2,774","2,822",190,0,534,0,0,511,446,588,481,411,760,874,"1,129",215,274,548,253,22,36.1,"345,700","1,667",-,"1,237",-,-,-,-,0,10144.35229,0,1065
1918,191814,2,0,0,0,0,0,0,0,2,6,4,60,60,74,25,156,202,802,577,255,"1,145",976,"3,755","2,121","2,251",1.4,"2,608","2,611",83,15,116,23,570,555,515,518,349,117,432,"1,078",775,345,316,745,134,288,41.5,"366,900","2,216",-,-,-,"2,119","2,557",-,0,15021.69081,0,14
1918,191815,82,0,0,0,1,1,0,59,18,86,69,39,25,68,26,44,7,296,439,326,897,798,"2,756","1,695","1,749",1.5,"1,523","1,758",294,0,420,0,13,233,221,399,363,83,520,699,845,223,85,290,119,26,38.5,"369,600","1,426",-,"1,348","1,387","1,802",-,-,0,8994.635595,0,316
1918,191816,37,0,0,0,15,1,0,45,15,12,60,66,83,44,40,47,39,233,535,644,541,560,"2,513","1,101","1,596",1.8,978,"1,670",24,0,537,0,0,12,88,200,180,143,198,260,528,218,224,297,662,212,55.0,"481,100","1,456","1,269","1,244","1,670",-,-,-,0,7496.504176,0,185
1918,191818,62,0,0,0,28,3,47,88,54,133,143,0,174,43,414,44,42,346,"1,066",605,"1,379",574,"3,970","1,953","2,901",5.3,"2,682","2,778",40,0,86,0,0,59,616,308,151,507,"1,209",867,466,429,194,312,401,178,35.0,"433,900","1,489",-,"1,426","1,651",-,-,-,0,6963.662788,0,558
1918,191819,166,0,0,0,21,9,0,192,86,409,299,43,230,424,257,144,59,472,"1,174",418,"2,880","1,335","6,279","4,215","3,517",3.0,"4,919","4,118",570,0,645,0,43,659,724,"1,165",795,653,"1,301","1,758","1,658",323,621,469,331,21,34.3,"380,500","1,768",-,"1,254","1,618","2,605","2,079",-,225,8777.42394,1883,1182
1919,191900,1074,28,8,15,48,31,311,2489,335,1365,182,26,129,11,51,216,385,761,351,46,708,605,"2,471","1,313","2,309",8.4,"2,129","1,092",506,0,54,0,0,167,145,187,118,181,909,580,467,370,185,328,172,61,38.4,"400,600",972,-,746,990,-,-,-,703,2798.954907,1611,5886
1920,192000,491,36,22,0,47,25,635,891,179,774,199,7,173,"1,379",141,68,102,614,507,379,903,772,"3,175","1,675","3,288",3.9,"2,745","2,378",239,3,169,0,16,280,196,158,695,"1,030","1,189",764,499,133,250,387,114,9,30.5,"452,000",962,-,925,"1,392",-,-,-,0,5009.89945,0,3299
1921,192100,246,629,6,78,23,62,219,1353,222,506,270,80,43,0,6,85,115,266,263,105,366,679,"1,679","1,045","1,683",2.9,"1,203",949,54,0,15,0,0,32,20,59,234,38,341,405,258,259,165,325,97,29,45.1,"381,600","1,569",-,"1,522","2,585",-,-,-,0,1632.821599,0,3614
1922,192200,580,0,4,0,59,174,162,413,213,320,301,42,146,170,165,67,151,579,512,86,394,169,"1,740",563,"1,627",4.5,"2,158",472,197,6,141,0,32,154,283,117,109,473,"1,002",363,273,75,90,99,56,0,28.3,"115,200","1,341",979,"1,175","1,473","1,711",-,-,65,743.3453358,385,2226
1923,192300,153,0,0,0,39,9,0,273,82,518,138,53,34,237,123,65,186,208,654,196,"1,195","1,103","3,356","2,298","2,510",9.6,"2,037","2,299",293,0,81,0,0,225,313,159,214,399,867,679,589,262,240,613,265,92,38.9,"434,500","1,286",-,"1,143","1,431",-,-,-,0,2615.119713,0,1212
9800,980001,4,0,0,0,0,0,0,2,6,7,33,0,0,0,0,0,0,0,0,0,0,0,0,0,0,-,0,0,0,0,0,0,0,0,0,0,0,0,0,0,0,0,0,0,0,0,-,-,-,-,-,-,-,-,-,0,14688.49716,0,52
9800,980002,10,0,0,0,0,0,0,2,2,3,1,0,0,0,0,0,0,0,0,0,0,0,0,0,0,-,0,0,0,0,0,0,0,0,0,0,0,0,0,0,0,0,0,0,0,0,-,-,-,-,-,-,-,-,-,0,1938.885897,0,18
9800,980003,22,0,0,0,1,0,0,4,15,22,9,0,168,166,22,12,0,84,109,115,162,23,493,185,330,8.0,198,616,183,7,8,0,0,57,84,29,166,252,274,110,69,27,10,15,0,0,24.2,-,"1,738",-,-,"1,679","1,783","1,702",-,0,7669.325605,0,73
9800,980004,36,0,0,0,8,25,0,57,62,56,115,0,0,0,0,0,0,0,0,0,0,0,0,0,0,-,0,0,0,0,0,0,0,0,0,0,0,0,0,0,0,0,0,0,0,0,-,-,-,-,-,-,-,-,-,0,539.0987467,0,359
9800,980005,4,0,0,0,0,0,0,0,2,0,0,0,0,0,0,0,0,0,0,0,0,8,8,8,4,0.0,0,0,0,0,12,0,0,0,0,4,0,0,0,0,8,0,0,0,0,0,47.5,-,-,-,-,-,-,-,-,0,17023.42106,0,6
9801,980100,119,0,0,0,3,2,0,15,45,29,30,48,172,133,18,0,10,272,164,28,13,0,477,13,352,9.3,901,146,122,0,13,0,0,104,76,48,257,210,226,128,63,0,0,70,0,0,22.0,-,"1,497",-,-,"1,161","1,483",-,-,0,2008.562533,0,243